Sample,,,,,,,13C2D2_S1P [113] Results,,,13C2D2_S1P [60] Results,,,LPC Results,,,S1P d16:1 [113] Results,,,S1P d16:1 [60] Results,,,S1P d17:1 [113] Results,,,S1P d17:1 [60] Results,,,S1P d18:0 [113] Results,,,S1P d18:0 [60] Results,,,S1P d18:1 [113] Results,,,S1P d18:1 [60] Results,,,S1P d18:2 [113] Results,,,S1P d18:2 [60] Results,,,S1P d19:1 [113] Results,,,S1P d19:1 [60] Results,,,S1P d20:1 [113] Results,,,S1P d20:1 [60] Results,,
,,Name,Data File,Type,Level,Acq. Date-Time,Area,FWHM,RT,Area,FWHM,RT,Area,FWHM,RT,Area,FWHM,RT,Area,FWHM,RT,Area,FWHM,RT,Area,FWHM,RT,Area,FWHM,RT,Area,FWHM,RT,Area,FWHM,RT,Area,FWHM,RT,Area,FWHM,RT,Area,FWHM,RT,Area,FWHM,RT,Area,FWHM,RT,Area,FWHM,RT,Area,FWHM,RT
,!,000A_Plasma_S1P-3uL_TQC_01,000A_Plasma_S1P-3uL_TQC_01.d,Sample,,5/3/2017 6:55 PM,27779,0.062,3.477,78406,0.061,3.470,15127198,0.069,3.623,4633,0.060,3.526,14591,0.060,3.533,2126,0.064,3.503,4483,0.061,3.503,14166,0.061,3.448,21043,0.063,3.448,33627,0.061,3.472,106501,0.061,3.472,10918,0.061,3.502,34797,0.061,3.502,843,0.066,3.447,3537,0.062,3.447,155,0.055,3.416,363,0.062,3.416
,!,000B_Plasma_S1P-3uL_TQC_02,000B_Plasma_S1P-3uL_TQC_02.d,Sample,,5/3/2017 7:05 PM,29031,0.062,3.462,85896,0.061,3.462,15303848,0.069,3.614,4692,0.060,3.518,15677,0.060,3.518,2008,0.064,3.488,4537,0.061,3.488,14661,0.062,3.434,20815,0.064,3.441,33232,0.061,3.464,116417,0.061,3.457,10820,0.061,3.495,35304,0.061,3.495,800,0.065,3.439,3907,0.062,3.432,192,0.058,3.401,423,0.060,3.401
,!,000C_Plasma_S1P-3uL_TQC_03,000C_Plasma_S1P-3uL_TQC_03.d,Sample,,5/3/2017 7:16 PM,26518,0.063,3.470,87322,0.061,3.462,15979013,0.068,3.615,5144,0.060,3.526,15559,0.060,3.526,1928,0.066,3.495,4664,0.061,3.495,13973,0.062,3.441,21516,0.063,3.441,34837,0.061,3.464,105268,0.061,3.464,10008,0.061,3.495,36326,0.061,3.495,769,0.064,3.447,3830,0.062,3.439,131,0.056,3.409,392,0.061,3.409
,!,000D_Plasma_S1P-3uL_TQC_04,000D_Plasma_S1P-3uL_TQC_04.d,Sample,,5/3/2017 7:26 PM,27305,0.062,3.462,76964,0.061,3.462,16206267,0.068,3.615,5015,0.061,3.518,15839,0.060,3.518,1866,0.063,3.495,4368,0.061,3.495,15321,0.061,3.441,22440,0.062,3.441,35123,0.061,3.464,113639,0.061,3.464,11465,0.061,3.495,36131,0.061,3.495,635,0.062,3.439,3987,0.062,3.439,168,0.059,3.409,457,0.063,3.401
,!,000E_Plasma_S1P-3uL_TQC_05,000E_Plasma_S1P-3uL_TQC_05.d,Sample,,5/3/2017 7:36 PM,27502,0.062,3.470,79514,0.061,3.462,14968079,0.069,3.615,5042,0.060,3.526,15825,0.060,3.526,2187,0.065,3.495,4465,0.062,3.495,15337,0.062,3.441,21305,0.063,3.441,36440,0.061,3.464,112985,0.061,3.464,11061,0.061,3.495,36966,0.061,3.495,629,0.061,3.439,3865,0.062,3.439,175,0.059,3.409,451,0.062,3.401
,!,001_Plasma_S1P-3uL_PQC_01,001_Plasma_S1P-3uL_PQC_01.d,Sample,,5/3/2017 7:46 PM,30521,0.062,3.462,94387,0.060,3.462,14337570,0.069,3.615,5161,0.061,3.526,15477,0.060,3.518,2044,0.065,3.495,4687,0.061,3.488,15054,0.062,3.441,22360,0.063,3.441,39070,0.061,3.464,128341,0.061,3.464,12034,0.061,3.495,38625,0.061,3.495,870,0.062,3.439,3856,0.061,3.439,237,0.062,3.401,483,0.062,3.409
,!,002_Plasma_S1P-3uL_PQC_02,002_Plasma_S1P-3uL_PQC_02.d,Sample,,5/3/2017 7:56 PM,26134,0.062,3.470,78792,0.061,3.462,14709874,0.069,3.615,4648,0.061,3.526,14955,0.060,3.526,1943,0.065,3.495,4321,0.061,3.495,13963,0.062,3.441,20456,0.063,3.441,34181,0.061,3.464,114596,0.061,3.464,10917,0.061,3.495,34054,0.061,3.495,764,0.065,3.447,3370,0.062,3.439,146,0.055,3.409,387,0.062,3.409
,!,003_Plasma_S1P-3uL_PQC_03,003_Plasma_S1P-3uL_PQC_03.d,Sample,,5/3/2017 8:06 PM,25939,0.062,3.470,78261,0.061,3.462,14947171,0.069,3.615,4844,0.060,3.526,15351,0.060,3.526,2019,0.065,3.495,4569,0.061,3.495,13948,0.062,3.441,22631,0.062,3.441,34580,0.060,3.464,107938,0.061,3.464,10092,0.061,3.495,33163,0.061,3.495,817,0.065,3.439,3640,0.062,3.439,210,0.064,3.394,354,0.062,3.401
,!,004_Plasma_S1P-3uL_Sample_F16P,004_Plasma_S1P-3uL_Sample_F16P.d,Sample,,5/3/2017 8:17 PM,25009,0.061,3.462,81014,0.061,3.462,14520270,0.071,3.615,4161,0.060,3.526,13156,0.060,3.526,2274,0.064,3.495,4777,0.061,3.488,18599,0.062,3.441,26168,0.063,3.441,40528,0.061,3.464,130595,0.061,3.464,13038,0.061,3.495,45852,0.061,3.495,967,0.063,3.439,5003,0.061,3.439,162,0.053,3.409,437,0.060,3.409
,!,005_Plasma_S1P-3uL_Sample_F21U,005_Plasma_S1P-3uL_Sample_F21U.d,Sample,,5/3/2017 8:27 PM,22353,0.062,3.462,76489,0.061,3.462,16012968,0.067,3.615,4583,0.060,3.518,14368,0.060,3.526,2076,0.066,3.495,4313,0.062,3.488,10385,0.062,3.441,13657,0.064,3.441,28138,0.061,3.464,86358,0.061,3.464,9464,0.061,3.495,30681,0.061,3.495,654,0.065,3.439,3182,0.062,3.439,167,0.061,3.409,413,0.062,3.409
,!,006_Plasma_S1P-3uL_Sample_F09I,006_Plasma_S1P-3uL_Sample_F09I.d,Sample,,5/3/2017 8:37 PM,32052,0.063,3.470,74788,0.061,3.462,14686597,0.067,3.615,4373,0.060,3.526,14510,0.060,3.526,2039,0.064,3.495,4698,0.061,3.495,14342,0.062,3.441,23313,0.063,3.441,35915,0.061,3.464,114535,0.061,3.464,13660,0.061,3.495,41461,0.060,3.495,794,0.065,3.439,3464,0.062,3.439,306,0.064,3.409,396,0.059,3.401
,!,007_Plasma_S1P-3uL_Sample_F23W,007_Plasma_S1P-3uL_Sample_F23W.d,Sample,,5/3/2017 8:47 PM,23914,0.062,3.462,79094,0.061,3.462,15291854,0.070,3.623,4674,0.060,3.526,13434,0.060,3.526,2103,0.064,3.488,4366,0.062,3.495,14474,0.062,3.441,22616,0.063,3.441,38829,0.061,3.464,119519,0.061,3.464,10176,0.062,3.495,34456,0.061,3.495,928,0.063,3.439,4436,0.061,3.439,158,0.058,3.409,418,0.062,3.409
,!,008_Plasma_S1P-3uL_Sample_F06F,008_Plasma_S1P-3uL_Sample_F06F.d,Sample,,5/3/2017 8:57 PM,23004,0.061,3.462,72858,0.061,3.462,14370572,0.069,3.615,4285,0.060,3.526,13083,0.060,3.526,2042,0.063,3.495,4427,0.061,3.495,13056,0.062,3.441,22290,0.063,3.441,34632,0.061,3.464,117386,0.061,3.464,9710,0.061,3.495,35583,0.061,3.495,1012,0.064,3.439,4599,0.061,3.439,119,0.056,3.409,362,0.060,3.409
,!,009_Plasma_S1P-3uL_PQC_04,009_Plasma_S1P-3uL_PQC_04.d,Sample,,5/3/2017 9:08 PM,26403,0.062,3.470,80279,0.061,3.462,14821121,0.069,3.615,5014,0.060,3.526,15371,0.060,3.526,2137,0.064,3.495,4493,0.061,3.495,14772,0.062,3.441,22460,0.063,3.441,34320,0.061,3.464,104337,0.061,3.464,10509,0.062,3.495,34420,0.061,3.495,810,0.064,3.439,3970,0.063,3.439,217,0.066,3.409,431,0.063,3.409
,!,010_Plasma_S1P-3uL_TQC_06,010_Plasma_S1P-3uL_TQC_06.d,Sample,,5/3/2017 9:18 PM,27675,0.062,3.470,84695,0.061,3.462,15333239,0.069,3.615,4796,0.060,3.526,15141,0.060,3.526,2008,0.066,3.495,4757,0.061,3.495,14017,0.061,3.441,22751,0.063,3.441,35944,0.061,3.464,117118,0.060,3.464,11827,0.061,3.495,35296,0.061,3.495,508,0.059,3.447,3936,0.062,3.439,158,0.055,3.409,298,0.057,3.409
,!,011_Plasma_S1P-3uL_Sample_F15O,011_Plasma_S1P-3uL_Sample_F15O.d,Sample,,5/3/2017 9:28 PM,22684,0.061,3.462,70617,0.061,3.462,16267568,0.069,3.615,5702,0.061,3.526,20151,0.060,3.526,2215,0.065,3.488,5283,0.061,3.495,15370,0.061,3.441,22206,0.063,3.441,34159,0.060,3.464,109312,0.061,3.464,10283,0.061,3.495,34119,0.061,3.495,924,0.065,3.447,4157,0.062,3.439,195,0.063,3.409,283,0.059,3.409
,!,012_Plasma_S1P-3uL_Sample_F10J,012_Plasma_S1P-3uL_Sample_F10J.d,Sample,,5/3/2017 9:38 PM,22056,0.061,3.462,75493,0.061,3.462,14312359,0.069,3.615,3213,0.060,3.526,10392,0.059,3.526,1906,0.065,3.495,3164,0.061,3.495,10179,0.062,3.441,15103,0.064,3.441,30350,0.061,3.464,99655,0.061,3.464,9452,0.061,3.495,34723,0.061,3.495,565,0.063,3.439,2902,0.063,3.439,142,0.055,3.409,361,0.062,3.409
,!,013_Plasma_S1P-3uL_Sample_F02B,013_Plasma_S1P-3uL_Sample_F02B.d,Sample,,5/3/2017 9:48 PM,20234,0.062,3.462,82202,0.061,3.462,13054682,0.069,3.615,3565,0.060,3.526,11956,0.060,3.526,1795,0.066,3.495,3987,0.061,3.495,18151,0.061,3.441,25970,0.062,3.441,35094,0.061,3.464,106839,0.061,3.464,10487,0.061,3.495,33590,0.062,3.495,708,0.063,3.439,3781,0.062,3.439,219,0.064,3.401,438,0.065,3.409
,!,014_Plasma_S1P-3uL_PQC_03,014_Plasma_S1P-3uL_PQC_03.d,Sample,,5/3/2017 9:59 PM,24580,0.062,3.470,79081,0.061,3.462,14190372,0.070,3.615,5226,0.060,3.526,14582,0.060,3.526,1838,0.064,3.495,4310,0.061,3.495,12848,0.062,3.441,19420,0.063,3.441,34000,0.060,3.464,107981,0.061,3.464,9550,0.061,3.495,32951,0.061,3.495,756,0.063,3.447,3624,0.062,3.439,184,0.062,3.409,377,0.062,3.409
,!,015_Plasma_S1P-3uL_TQC_07,015_Plasma_S1P-3uL_TQC_07.d,Sample,,5/3/2017 10:09 PM,26732,0.062,3.470,85880,0.061,3.462,15671509,0.068,3.615,5140,0.061,3.526,17002,0.060,3.526,1990,0.066,3.495,4450,0.061,3.495,15669,0.062,3.441,22359,0.062,3.441,34715,0.061,3.464,114217,0.061,3.464,11128,0.061,3.495,36158,0.061,3.495,592,0.059,3.439,3618,0.062,3.439,329,0.065,3.401,348,0.058,3.401
,!,016_Plasma_S1P-3uL_Sample_F17Q,016_Plasma_S1P-3uL_Sample_F17Q.d,Sample,,5/3/2017 10:19 PM,24049,0.061,3.462,79386,0.061,3.462,14944791,0.068,3.615,5646,0.060,3.526,17544,0.060,3.526,2180,0.064,3.495,5099,0.061,3.495,20734,0.061,3.441,31450,0.062,3.441,42887,0.061,3.464,146286,0.061,3.464,16668,0.062,3.495,62093,0.061,3.495,865,0.065,3.439,4394,0.061,3.439,468,0.061,3.401,616,0.060,3.409
,!,017_Plasma_S1P-3uL_Sample_F04D,017_Plasma_S1P-3uL_Sample_F04D.d,Sample,,5/3/2017 10:29 PM,21690,0.062,3.462,75555,0.061,3.462,15339066,0.068,3.615,4354,0.060,3.526,15845,0.060,3.526,2137,0.066,3.495,4458,0.061,3.495,16183,0.062,3.441,23966,0.063,3.441,35743,0.061,3.464,109301,0.061,3.464,12261,0.060,3.495,37099,0.061,3.495,482,0.058,3.439,4187,0.062,3.439,201,0.063,3.409,440,0.061,3.409
,!,018_Plasma_S1P-3uL_Sample_F05E,018_Plasma_S1P-3uL_Sample_F05E.d,Sample,,5/3/2017 10:39 PM,25504,0.061,3.462,76481,0.061,3.462,14639666,0.071,3.615,4000,0.060,3.526,14350,0.059,3.526,1954,0.067,3.495,4182,0.061,3.495,15041,0.061,3.441,21636,0.063,3.441,33666,0.060,3.464,102359,0.061,3.464,9026,0.061,3.495,30180,0.061,3.495,804,0.064,3.447,3938,0.062,3.439,162,0.056,3.401,400,0.063,3.409
,!,019_Plasma_S1P-3uL_Sample_F08H,019_Plasma_S1P-3uL_Sample_F08H.d,Sample,,5/3/2017 10:50 PM,23828,0.062,3.462,77792,0.061,3.462,14500116,0.070,3.615,5349,0.060,3.526,19122,0.059,3.526,1976,0.065,3.495,4517,0.061,3.495,15181,0.062,3.441,23256,0.062,3.441,33421,0.061,3.464,112514,0.061,3.464,9908,0.061,3.495,33749,0.061,3.495,825,0.064,3.447,3959,0.062,3.439,290,0.061,3.409,557,0.063,3.401
,!,020_Plasma_S1P-3uL_Sample_F18R,020_Plasma_S1P-3uL_Sample_F18R.d,Sample,,5/3/2017 11:00 PM,22651,0.062,3.462,81241,0.061,3.462,17069836,0.068,3.615,5253,0.060,3.526,17920,0.060,3.526,2273,0.065,3.495,5906,0.061,3.495,12736,0.062,3.441,18764,0.063,3.441,34332,0.060,3.464,105949,0.061,3.464,11762,0.060,3.495,37377,0.061,3.495,951,0.063,3.439,4186,0.062,3.439,128,0.057,3.409,307,0.062,3.409
,!,021_Plasma_S1P-3uL_PQC_06,021_Plasma_S1P-3uL_PQC_06.d,Sample,,5/3/2017 11:10 PM,26180,0.062,3.470,72326,0.061,3.462,14186677,0.069,3.615,4978,0.060,3.526,15559,0.059,3.526,1665,0.063,3.495,4086,0.061,3.495,13935,0.061,3.441,19756,0.063,3.441,28690,0.061,3.464,100471,0.061,3.464,10540,0.061,3.495,31818,0.061,3.495,518,0.060,3.439,3468,0.062,3.439,247,0.061,3.409,449,0.064,3.409
,!,022_Plasma_S1P-3uL_TQC_08,022_Plasma_S1P-3uL_TQC_08.d,Sample,,5/3/2017 11:20 PM,28004,0.062,3.470,79956,0.061,3.462,15893348,0.068,3.615,4848,0.060,3.526,15739,0.060,3.526,2080,0.063,3.495,4669,0.061,3.495,14626,0.062,3.441,21840,0.063,3.441,34437,0.061,3.464,119547,0.061,3.464,11537,0.061,3.495,34923,0.061,3.495,821,0.064,3.439,3698,0.062,3.439,136,0.055,3.409,460,0.063,3.409
,!,023_Plasma_S1P-3uL_Sample_F28B,023_Plasma_S1P-3uL_Sample_F28B.d,Sample,,5/3/2017 11:30 PM,36436,0.063,3.470,71610,0.061,3.462,17324234,0.067,3.615,6115,0.060,3.526,19599,0.060,3.526,2106,0.063,3.495,4981,0.061,3.495,15236,0.062,3.441,21350,0.063,3.441,34687,0.061,3.464,112557,0.061,3.464,10477,0.061,3.495,32942,0.060,3.495,911,0.064,3.447,3915,0.062,3.439,149,0.053,3.409,369,0.061,3.409
,!,024_Plasma_S1P-3uL_Sample_F12L,024_Plasma_S1P-3uL_Sample_F12L.d,Sample,,5/3/2017 11:41 PM,18563,0.061,3.462,65025,0.061,3.462,16635967,0.068,3.615,5406,0.060,3.526,15135,0.060,3.526,1775,0.065,3.495,3869,0.061,3.495,12022,0.061,3.434,17430,0.062,3.441,24007,0.061,3.464,77995,0.061,3.464,7519,0.061,3.495,22941,0.061,3.495,823,0.064,3.439,3578,0.061,3.439,181,0.064,3.409,319,0.060,3.409
,!,025_Plasma_S1P-3uL_Sample_F11K,025_Plasma_S1P-3uL_Sample_F11K.d,Sample,,5/3/2017 11:51 PM,22021,0.061,3.462,75351,0.061,3.462,16375839,0.066,3.615,4730,0.060,3.526,15621,0.060,3.526,1950,0.069,3.495,4042,0.061,3.495,11697,0.062,3.441,17541,0.063,3.441,25137,0.061,3.464,81424,0.061,3.464,10837,0.061,3.495,38635,0.060,3.495,661,0.062,3.439,3236,0.060,3.439,244,0.066,3.401,359,0.058,3.409
,!,026_Plasma_S1P-3uL_PQC_07,026_Plasma_S1P-3uL_PQC_07.d,Sample,,6/3/2017 12:01 AM,25019,0.062,3.470,78260,0.061,3.470,16025934,0.069,3.615,4973,0.059,3.526,14279,0.060,3.526,1980,0.065,3.495,4453,0.061,3.495,13869,0.062,3.441,21285,0.063,3.441,34893,0.061,3.464,106585,0.061,3.464,10924,0.061,3.495,35575,0.061,3.495,773,0.065,3.447,3674,0.061,3.439,206,0.060,3.409,367,0.062,3.409
,!,027_Plasma_S1P-3uL_TQC_09,027_Plasma_S1P-3uL_TQC_09.d,Sample,,6/3/2017 12:11 AM,27778,0.062,3.462,78250,0.061,3.462,15296943,0.069,3.615,4846,0.060,3.518,16122,0.060,3.518,2256,0.066,3.495,4587,0.062,3.488,15178,0.061,3.441,22809,0.063,3.441,35831,0.061,3.464,120027,0.061,3.464,11277,0.061,3.495,36350,0.061,3.495,628,0.059,3.439,3654,0.062,3.439,66,0.046,3.409,406,0.063,3.409
,!,028_Plasma_S1P-3uL_PQC_08,028_Plasma_S1P-3uL_PQC_08.d,Sample,,6/3/2017 12:21 AM,26998,0.062,3.462,79988,0.061,3.462,15346978,0.068,3.615,4687,0.060,3.518,14862,0.060,3.526,1897,0.065,3.495,4495,0.061,3.488,14458,0.061,3.434,19962,0.063,3.441,34044,0.061,3.464,111882,0.061,3.464,10439,0.061,3.495,33968,0.061,3.495,800,0.064,3.439,3641,0.062,3.439,203,0.061,3.401,428,0.062,3.401
,!,029_Plasma_S1P-3uL_Sample_F29C,029_Plasma_S1P-3uL_Sample_F29C.d,Sample,,6/3/2017 12:32 AM,32711,0.063,3.470,77428,0.061,3.462,14448291,0.069,3.615,9084,0.060,3.526,28386,0.060,3.526,2528,0.064,3.495,6030,0.061,3.495,12357,0.062,3.441,19371,0.063,3.441,32839,0.061,3.464,108216,0.061,3.464,12644,0.061,3.495,38920,0.061,3.495,795,0.064,3.439,3413,0.062,3.439,222,0.068,3.409,256,0.060,3.409
,!,030_Plasma_S1P-3uL_Sample_F07G,030_Plasma_S1P-3uL_Sample_F07G.d,Sample,,6/3/2017 12:42 AM,23849,0.061,3.462,77937,0.061,3.462,14318660,0.069,3.615,2465,0.061,3.518,7632,0.059,3.526,1609,0.064,3.495,3427,0.061,3.488,12723,0.061,3.441,18016,0.064,3.441,31182,0.061,3.464,103489,0.061,3.464,8490,0.061,3.495,28950,0.060,3.495,588,0.066,3.447,3013,0.062,3.439,171,0.061,3.409,381,0.061,3.409
,!,031_Plasma_S1P-3uL_Sample_F19S,031_Plasma_S1P-3uL_Sample_F19S.d,Sample,,6/3/2017 12:52 AM,22741,0.062,3.462,72487,0.061,3.462,15170606,0.068,3.615,4579,0.061,3.526,14919,0.060,3.526,2055,0.065,3.495,4602,0.061,3.488,14794,0.062,3.441,21608,0.063,3.441,33943,0.061,3.464,122668,0.061,3.464,10215,0.061,3.495,35133,0.061,3.495,839,0.063,3.439,3972,0.062,3.439,189,0.062,3.409,339,0.064,3.401
,!,032_Plasma_S1P-3uL_Sample_F01A,032_Plasma_S1P-3uL_Sample_F01A.d,Sample,,6/3/2017 1:02 AM,23132,0.061,3.462,81316,0.060,3.462,15531972,0.069,3.615,3267,0.060,3.518,10041,0.060,3.526,1607,0.066,3.495,3303,0.061,3.495,13378,0.062,3.441,20059,0.062,3.441,30354,0.061,3.464,104002,0.061,3.464,8573,0.061,3.495,29061,0.061,3.495,652,0.065,3.439,3248,0.062,3.439,132,0.067,3.416,319,0.059,3.409
,!,033_Plasma_S1P-3uL_PQC_09,033_Plasma_S1P-3uL_PQC_09.d,Sample,,6/3/2017 1:12 AM,24514,0.062,3.470,74471,0.061,3.462,15593261,0.069,3.615,4515,0.060,3.526,14627,0.059,3.526,1867,0.064,3.495,4212,0.061,3.495,13729,0.062,3.441,21088,0.063,3.441,32848,0.061,3.464,106054,0.061,3.464,10359,0.061,3.495,35745,0.061,3.495,723,0.063,3.439,3689,0.062,3.439,149,0.059,3.409,385,0.060,3.409
,!,034_Plasma_S1P-3uL_TQC_10,034_Plasma_S1P-3uL_TQC_10.d,Sample,,6/3/2017 1:22 AM,26949,0.062,3.470,81829,0.061,3.462,15195847,0.069,3.615,5259,0.060,3.526,15573,0.060,3.526,2135,0.065,3.495,4464,0.062,3.495,15318,0.062,3.441,22554,0.062,3.441,34223,0.061,3.464,111979,0.061,3.464,11572,0.061,3.495,37963,0.061,3.495,688,0.062,3.447,4013,0.061,3.439,329,0.068,3.401,368,0.059,3.409
,!,035_Plasma_S1P-3uL_Sample_F25Y,035_Plasma_S1P-3uL_Sample_F25Y.d,Sample,,6/3/2017 1:33 AM,31930,0.063,3.470,72764,0.061,3.462,17510506,0.070,3.615,6678,0.060,3.526,18477,0.060,3.526,1812,0.062,3.495,4248,0.061,3.495,11816,0.062,3.441,17137,0.063,3.441,29564,0.061,3.464,95769,0.061,3.464,9452,0.061,3.495,29871,0.061,3.495,736,0.062,3.439,3771,0.062,3.439,155,0.061,3.409,295,0.060,3.409
,!,036_Plasma_S1P-3uL_Sample_F03C,036_Plasma_S1P-3uL_Sample_F03C.d,Sample,,6/3/2017 1:43 AM,21705,0.062,3.462,80807,0.061,3.462,12313857,0.070,3.615,2693,0.060,3.526,7810,0.060,3.526,1485,0.066,3.488,2702,0.062,3.488,10688,0.062,3.441,16152,0.064,3.441,30002,0.061,3.464,97721,0.061,3.464,7567,0.061,3.495,25904,0.061,3.495,509,0.063,3.439,2898,0.062,3.439,230,0.066,3.401,365,0.060,3.409
,!,037_Plasma_S1P-3uL_Sample_F27A,037_Plasma_S1P-3uL_Sample_F27A.d,Sample,,6/3/2017 1:53 AM,35537,0.064,3.470,70368,0.061,3.462,15507341,0.067,3.615,5288,0.060,3.526,18944,0.060,3.526,1917,0.063,3.495,4581,0.061,3.495,14705,0.062,3.441,23035,0.063,3.441,37951,0.061,3.464,116094,0.061,3.464,10381,0.061,3.495,35032,0.061,3.495,573,0.061,3.447,3512,0.063,3.439,110,0.059,3.401,387,0.062,3.409
,!,038_Plasma_S1P-3uL_Sample_F22V,038_Plasma_S1P-3uL_Sample_F22V.d,Sample,,6/3/2017 2:03 AM,23432,0.061,3.470,77869,0.061,3.462,12675904,0.067,3.615,2558,0.061,3.526,7521,0.060,3.526,1637,0.066,3.495,2588,0.062,3.495,10906,0.062,3.441,14370,0.064,3.441,25018,0.061,3.464,81893,0.061,3.464,8533,0.061,3.495,29202,0.060,3.495,430,0.065,3.447,2522,0.061,3.439,143,0.056,3.401,350,0.064,3.409
,!,039_Plasma_S1P-3uL_PQC_10,039_Plasma_S1P-3uL_PQC_10.d,Sample,,6/3/2017 2:13 AM,24703,0.063,3.470,78397,0.061,3.462,15045865,0.069,3.615,4296,0.060,3.526,13408,0.060,3.526,1843,0.065,3.495,4293,0.061,3.495,13741,0.062,3.441,21623,0.062,3.441,31414,0.061,3.464,108844,0.061,3.464,10440,0.061,3.495,32901,0.061,3.495,715,0.062,3.439,3481,0.062,3.439,253,0.062,3.409,491,0.062,3.409
,!,040_Plasma_S1P-3uL_TQC_11,040_Plasma_S1P-3uL_TQC_11.d,Sample,,6/3/2017 2:24 AM,27871,0.062,3.470,81477,0.061,3.462,15215985,0.069,3.615,5134,0.060,3.526,15495,0.059,3.526,2035,0.064,3.495,4699,0.061,3.495,13390,0.061,3.441,22060,0.063,3.441,36661,0.061,3.464,109208,0.061,3.464,10929,0.061,3.495,34228,0.061,3.495,664,0.063,3.439,3599,0.061,3.439,170,0.060,3.409,370,0.061,3.409
!,!,041_Plasma_S1P-3uL_Sample_F20T,041_Plasma_S1P-3uL_Sample_F20T.d,Sample,,6/3/2017 2:34 AM,23277,0.061,3.462,72836,0.061,3.462,16786102,0.069,3.615,5424,0.060,3.526,16799,0.060,3.526,1755,0.064,3.495,4165,0.061,3.495,17771,0.061,3.441,26384,0.062,3.441,35541,0.061,3.464,120174,0.061,3.464,11027,0.060,3.495,33788,0.061,3.495,714,0.065,3.447,3469,0.061,3.439,192,0.062,3.409,405,0.061,3.409
,!,042_Plasma_S1P-3uL_Sample_F26Z,042_Plasma_S1P-3uL_Sample_F26Z.d,Sample,,6/3/2017 2:44 AM,36516,0.063,3.470,77528,0.060,3.462,12068058,0.067,3.615,2112,0.060,3.526,7369,0.060,3.526,1265,0.064,3.495,2560,0.061,3.495,8685,0.062,3.441,13279,0.063,3.441,26532,0.061,3.464,77211,0.061,3.464,7384,0.061,3.495,25415,0.061,3.495,602,0.065,3.439,2356,0.061,3.439,168,0.064,3.401,286,0.064,3.409
,!,043_Plasma_S1P-3uL_Sample_F14N,043_Plasma_S1P-3uL_Sample_F14N.d,Sample,,6/3/2017 2:54 AM,36336,0.064,3.470,75253,0.061,3.462,14701180,0.070,3.615,5927,0.060,3.526,21761,0.060,3.526,2069,0.064,3.495,4766,0.061,3.495,10864,0.062,3.441,16528,0.063,3.441,29184,0.061,3.464,99982,0.060,3.464,8941,0.061,3.495,31345,0.061,3.495,680,0.063,3.439,3908,0.063,3.439,118,0.054,3.416,333,0.062,3.409
!,!,044_Plasma_S1P-3uL_Sample_F13M,044_Plasma_S1P-3uL_Sample_F13M.d,Sample,,6/3/2017 3:04 AM,20771,0.062,3.462,74643,0.061,3.462,17700866,0.068,3.615,2912,0.060,3.526,9495,0.060,3.526,1527,0.064,3.495,2664,0.061,3.495,15339,0.061,3.441,20206,0.063,3.441,30551,0.061,3.464,98028,0.062,3.464,10104,0.061,3.495,35356,0.061,3.495,429,0.070,3.439,2530,0.061,3.439,154,0.058,3.401,374,0.065,3.409
,!,045_Plasma_S1P-3uL_PQC_11,045_Plasma_S1P-3uL_PQC_11.d,Sample,,6/3/2017 3:15 AM,25978,0.063,3.470,84098,0.061,3.462,16174492,0.069,3.615,4547,0.060,3.526,15686,0.060,3.526,1953,0.064,3.495,4754,0.061,3.495,14320,0.062,3.441,21892,0.063,3.441,35444,0.061,3.464,111449,0.061,3.464,11422,0.060,3.495,34485,0.061,3.495,759,0.063,3.439,3866,0.062,3.439,309,0.064,3.416,344,0.060,3.409
,!,046_Plasma_S1P-3uL_PQC_12,046_Plasma_S1P-3uL_PQC_12.d,Sample,,6/3/2017 3:25 AM,27357,0.062,3.470,77494,0.061,3.470,15888360,0.068,3.615,4733,0.059,3.526,15424,0.060,3.526,1967,0.065,3.495,4341,0.061,3.495,13636,0.061,3.441,18867,0.063,3.441,32203,0.061,3.464,110266,0.061,3.464,11107,0.061,3.495,32640,0.061,3.495,671,0.063,3.447,3314,0.063,3.439,123,0.056,3.409,510,0.062,3.409
,!,047_Plasma_S1P-3uL_TQC_12,047_Plasma_S1P-3uL_TQC_12.d,Sample,,6/3/2017 3:35 AM,29456,0.062,3.470,82717,0.061,3.462,15674693,0.069,3.615,4639,0.060,3.526,15317,0.060,3.526,2029,0.065,3.495,4463,0.061,3.495,15489,0.061,3.441,20612,0.063,3.441,36220,0.061,3.464,113244,0.061,3.464,10896,0.061,3.495,36151,0.061,3.495,789,0.065,3.439,3512,0.062,3.439,264,0.064,3.409,459,0.064,3.409
,!,048_ISTDinBuMe_S1P-3uL_BLANK_1,048_ISTDinBuMe_S1P-3uL_BLANK_1.d,Sample,,6/3/2017 3:45 AM,22398,0.061,3.462,79294,0.061,3.470,92310,0.068,3.608,49,0.067,3.748,50,0.118,3.526,46,0.070,3.473,116,0.111,3.503,162,0.102,3.478,165,0.071,3.471,179,0.069,3.464,402,0.066,3.464,144,0.060,3.502,392,0.185,3.487,35,0.098,3.462,23,0.055,3.439,49,0.047,3.446,42,0.149,3.483
!,!,049_ISTDinBuMe_S1P-3uL_BLANK_2,049_ISTDinBuMe_S1P-3uL_BLANK_2.d,Sample,,6/3/2017 3:55 AM,,,,,,,,,,,,,,,,,,,,,,,,,,,,,,,,,,,,,,,,,,,,,,,,,,,
!,!,050_ISTDinBuMe_S1P-3uL_BLANK_3,050_ISTDinBuMe_S1P-3uL_BLANK_3.d,Sample,,6/3/2017 3:56 AM,,,,,,,,,,,,,,,,,,,,,,,,,,,,,,,,,,,,,,,,,,,,,,,,,,,
!,!,051_Plasma_S1P-3uL_TQC1to8_1,051_Plasma_S1P-3uL_TQC1to8_1.d,Sample,,6/3/2017 3:57 AM,4277,0.062,3.470,11380,0.061,3.470,4707538,0.068,3.615,681,0.063,3.533,2030,0.061,3.526,335,0.069,3.503,758,0.063,3.495,2235,0.062,3.448,3231,0.063,3.448,5846,0.061,3.472,17935,0.061,3.472,1358,0.062,3.502,4947,0.061,3.502,217,0.078,3.454,562,0.062,3.447,152,0.165,3.461,242,0.201,3.416
!,!,052_Plasma_S1P-3uL_TQC1to4_1,052_Plasma_S1P-3uL_TQC1to4_1.d,Sample,,6/3/2017 4:07 AM,9272,0.061,3.470,25008,0.061,3.462,8971828,0.068,3.613,1286,0.062,3.526,4567,0.060,3.526,408,0.059,3.488,1491,0.062,3.495,4840,0.062,3.441,6992,0.063,3.441,10899,0.061,3.464,34735,0.061,3.464,3272,0.061,3.495,10768,0.061,3.495,329,0.065,3.439,1342,0.062,3.439,99,0.071,3.416,182,0.070,3.409
,!,053_Plasma_S1P-3uL_TQC1to2_1,053_Plasma_S1P-3uL_TQC1to2_1.d,Sample,,6/3/2017 4:17 AM,15416,0.062,3.470,44328,0.060,3.462,12021713,0.068,3.615,2768,0.061,3.526,9134,0.060,3.526,1201,0.066,3.495,2513,0.061,3.495,8057,0.062,3.441,12776,0.063,3.441,19125,0.061,3.464,63893,0.061,3.464,5860,0.061,3.495,21463,0.061,3.495,528,0.064,3.447,2292,0.063,3.439,156,0.067,3.409,237,0.062,3.409
,!,054_Plasma_S1P-3uL_TQC1to1_1,054_Plasma_S1P-3uL_TQC1to1_1.d,Sample,,6/3/2017 4:27 AM,27447,0.062,3.470,78768,0.061,3.462,15383312,0.068,3.615,5276,0.060,3.526,15849,0.060,3.526,1987,0.064,3.495,4801,0.061,3.495,13502,0.062,3.441,20735,0.063,3.441,33342,0.061,3.464,119443,0.061,3.464,10853,0.061,3.495,38035,0.061,3.495,774,0.063,3.439,3903,0.062,3.439,119,0.057,3.401,428,0.063,3.409
,!,055_Serum_S1P-3uL_TQC_01,055_Serum_S1P-3uL_TQC_01.d,Sample,,6/3/2017 4:37 AM,17055,0.061,3.462,59140,0.061,3.462,16194321,0.068,3.615,3323,0.059,3.526,10797,0.060,3.526,1243,0.061,3.488,3436,0.061,3.495,11024,0.062,3.441,16902,0.062,3.441,26809,0.061,3.464,89399,0.061,3.464,7680,0.061,3.495,26425,0.060,3.495,531,0.061,3.439,3266,0.062,3.439,147,0.060,3.409,352,0.061,3.409
,!,056_Serum_S1P-3uL_TQC_02,056_Serum_S1P-3uL_TQC_02.d,Sample,,6/3/2017 4:48 AM,15969,0.062,3.462,58469,0.061,3.462,15155102,0.070,3.615,3257,0.060,3.526,12027,0.059,3.526,1142,0.060,3.495,3196,0.061,3.495,10784,0.061,3.441,16582,0.064,3.441,25740,0.061,3.464,86938,0.061,3.464,7802,0.061,3.495,27223,0.061,3.495,630,0.063,3.439,2793,0.062,3.439,166,0.062,3.416,327,0.061,3.409
,!,057_Serum_S1P-3uL_TQC_03,057_Serum_S1P-3uL_TQC_03.d,Sample,,6/3/2017 4:58 AM,16901,0.061,3.462,55690,0.061,3.462,15958643,0.069,3.615,3331,0.059,3.526,11007,0.060,3.526,1223,0.061,3.488,3355,0.061,3.495,11022,0.062,3.441,17553,0.063,3.441,25698,0.061,3.464,85568,0.061,3.464,7547,0.061,3.495,26506,0.061,3.495,589,0.065,3.439,3145,0.062,3.439,135,0.060,3.416,271,0.062,3.409
,!,058_Serum_S1P-3uL_TQC_04,058_Serum_S1P-3uL_TQC_04.d,Sample,,6/3/2017 5:08 AM,16750,0.061,3.462,54925,0.061,3.462,16108362,0.068,3.615,3799,0.060,3.526,10955,0.060,3.526,1278,0.062,3.495,3317,0.061,3.495,11120,0.062,3.441,16355,0.063,3.441,26309,0.061,3.464,93646,0.061,3.464,7645,0.062,3.495,25288,0.061,3.495,645,0.064,3.439,2853,0.062,3.439,199,0.065,3.409,302,0.062,3.409
,!,059_Serum_S1P-3uL_TQC_05,059_Serum_S1P-3uL_TQC_05.d,Sample,,6/3/2017 5:18 AM,16227,0.061,3.462,56001,0.061,3.462,16066383,0.068,3.615,3569,0.059,3.526,10747,0.060,3.526,1366,0.063,3.495,3138,0.060,3.495,11505,0.062,3.441,16760,0.062,3.441,26708,0.061,3.464,86125,0.061,3.464,7777,0.061,3.495,25752,0.061,3.495,534,0.065,3.439,3071,0.062,3.439,176,0.059,3.409,347,0.061,3.409
,!,060_Serum_S1P-3uL_PQC_01,060_Serum_S1P-3uL_PQC_01.d,Sample,,6/3/2017 5:28 AM,17485,0.061,3.462,57667,0.061,3.462,15419882,0.069,3.615,3138,0.060,3.526,10383,0.060,3.526,995,0.061,3.488,3124,0.061,3.495,9888,0.062,3.441,15147,0.063,3.441,24658,0.062,3.464,85993,0.061,3.464,7857,0.061,3.495,24633,0.061,3.495,646,0.064,3.439,2825,0.063,3.439,163,0.068,3.409,252,0.061,3.409
,!,061_Serum_S1P-3uL_PQC_02,061_Serum_S1P-3uL_PQC_02.d,Sample,,6/3/2017 5:38 AM,17671,0.061,3.462,56047,0.061,3.462,15762456,0.068,3.615,3127,0.060,3.526,11047,0.060,3.526,1374,0.062,3.495,3085,0.061,3.495,11549,0.061,3.441,17935,0.063,3.441,27277,0.061,3.464,89286,0.061,3.464,7876,0.061,3.495,25197,0.061,3.495,474,0.061,3.447,3289,0.062,3.439,88,0.054,3.409,346,0.063,3.409
,!,062_Serum_S1P-3uL_PQC_03,062_Serum_S1P-3uL_PQC_03.d,Sample,,6/3/2017 5:49 AM,17390,0.061,3.462,62598,0.061,3.462,15832239,0.069,3.615,3537,0.060,3.526,11607,0.060,3.526,1291,0.063,3.495,3400,0.061,3.495,12440,0.062,3.441,18043,0.063,3.441,30474,0.061,3.464,92873,0.061,3.464,8919,0.060,3.495,30248,0.060,3.495,743,0.063,3.439,3336,0.061,3.439,154,0.063,3.409,325,0.061,3.409
,!,063_Serum_S1P-3uL_Sample_F16P,063_Serum_S1P-3uL_Sample_F16P.d,Sample,,6/3/2017 5:59 AM,15291,0.062,3.462,58660,0.061,3.462,15373281,0.070,3.615,3165,0.059,3.526,9300,0.060,3.526,1266,0.062,3.495,3066,0.062,3.495,12792,0.062,3.434,18975,0.063,3.441,29731,0.061,3.464,108868,0.061,3.464,10270,0.061,3.495,31580,0.061,3.495,791,0.066,3.439,3604,0.062,3.439,172,0.064,3.409,288,0.056,3.409
,!,064_Serum_S1P-3uL_Sample_F21U,064_Serum_S1P-3uL_Sample_F21U.d,Sample,,6/3/2017 6:09 AM,16648,0.061,3.462,57426,0.060,3.462,16472069,0.069,3.615,3754,0.060,3.526,13293,0.060,3.518,1138,0.060,3.495,3085,0.061,3.495,8089,0.062,3.441,11816,0.063,3.441,20739,0.061,3.464,70792,0.061,3.464,7324,0.061,3.495,22006,0.061,3.495,474,0.065,3.439,2559,0.062,3.439,83,0.059,3.416,266,0.063,3.409
,!,065_Serum_S1P-3uL_Sample_F09I,065_Serum_S1P-3uL_Sample_F09I.d,Sample,,6/3/2017 6:19 AM,16938,0.061,3.462,54581,0.061,3.462,15941921,0.068,3.615,3437,0.060,3.518,11231,0.060,3.518,1306,0.062,3.495,3641,0.061,3.495,11418,0.062,3.441,19055,0.063,3.441,29690,0.061,3.464,96660,0.061,3.464,9258,0.061,3.495,27527,0.061,3.495,624,0.065,3.439,3214,0.062,3.439,235,0.067,3.409,335,0.062,3.409
,!,066_Serum_S1P-3uL_Sample_F23W,066_Serum_S1P-3uL_Sample_F23W.d,Sample,,6/3/2017 6:30 AM,15185,0.061,3.462,56504,0.061,3.462,15460063,0.070,3.615,2808,0.059,3.526,9061,0.060,3.526,1147,0.062,3.495,3300,0.061,3.495,10899,0.062,3.441,16477,0.063,3.441,26200,0.061,3.464,90039,0.061,3.464,7555,0.061,3.495,24925,0.061,3.495,827,0.065,3.439,3014,0.062,3.439,220,0.074,3.416,291,0.062,3.409
,!,067_Serum_S1P-3uL_Sample_F06F,067_Serum_S1P-3uL_Sample_F06F.d,Sample,,6/3/2017 6:40 AM,15969,0.061,3.462,52781,0.061,3.462,15558738,0.070,3.615,3354,0.060,3.526,9994,0.060,3.526,1418,0.062,3.488,3563,0.061,3.495,11948,0.062,3.441,17557,0.063,3.441,29900,0.061,3.464,97741,0.061,3.464,8160,0.061,3.495,25036,0.061,3.495,795,0.064,3.439,3888,0.062,3.439,138,0.057,3.409,369,0.063,3.409
,!,068_Serum_S1P-3uL_PQC_04,068_Serum_S1P-3uL_PQC_04.d,Sample,,6/3/2017 6:50 AM,16593,0.061,3.462,58902,0.061,3.462,15907809,0.070,3.615,3681,0.060,3.526,12533,0.060,3.518,1487,0.062,3.495,3270,0.061,3.495,11689,0.061,3.441,17921,0.063,3.441,27517,0.061,3.464,90799,0.061,3.464,8770,0.061,3.495,26015,0.061,3.495,594,0.063,3.439,3061,0.062,3.439,121,0.057,3.409,396,0.061,3.409
,!,069_Serum_S1P-3uL_TQC_06,069_Serum_S1P-3uL_TQC_06.d,Sample,,6/3/2017 7:00 AM,15910,0.061,3.462,56469,0.061,3.462,15926985,0.069,3.615,3145,0.059,3.518,10996,0.060,3.526,1350,0.063,3.495,3633,0.061,3.488,11551,0.061,3.441,16600,0.063,3.441,26777,0.061,3.464,90267,0.061,3.464,8232,0.061,3.495,27247,0.061,3.495,678,0.064,3.439,2770,0.063,3.439,179,0.062,3.409,319,0.060,3.409
,!,070_Serum_S1P-3uL_Sample_F15O,070_Serum_S1P-3uL_Sample_F15O.d,Sample,,6/3/2017 7:10 AM,16452,0.061,3.462,59123,0.061,3.462,17985936,0.068,3.615,4495,0.060,3.526,15820,0.060,3.526,1374,0.062,3.495,3665,0.061,3.495,10074,0.062,3.441,15366,0.063,3.441,24277,0.061,3.464,85696,0.061,3.464,8111,0.062,3.495,24656,0.061,3.495,711,0.065,3.439,3281,0.062,3.439,135,0.079,3.424,328,0.063,3.409
,!,071_Serum_S1P-3uL_Sample_F10J,071_Serum_S1P-3uL_Sample_F10J.d,Sample,,6/3/2017 7:20 AM,16251,0.062,3.462,58476,0.061,3.462,15987296,0.066,3.615,2444,0.059,3.526,8746,0.060,3.526,1207,0.062,3.495,2922,0.061,3.495,10661,0.062,3.441,14426,0.063,3.441,25818,0.061,3.464,85592,0.061,3.464,7455,0.061,3.495,25695,0.061,3.495,435,0.065,3.439,2414,0.063,3.439,146,0.055,3.401,368,0.061,3.409
,!,072_Serum_S1P-3uL_Sample_F02B,072_Serum_S1P-3uL_Sample_F02B.d,Sample,,6/3/2017 7:31 AM,15734,0.061,3.462,54747,0.061,3.462,13820704,0.069,3.615,3004,0.060,3.526,9734,0.060,3.526,1330,0.063,3.495,3124,0.061,3.488,13249,0.062,3.434,17883,0.063,3.441,27520,0.060,3.464,93129,0.061,3.464,8764,0.061,3.495,27382,0.061,3.495,519,0.063,3.439,2851,0.062,3.439,124,0.063,3.409,383,0.062,3.409
,!,073_Serum_S1P-3uL_PQC_05,073_Serum_S1P-3uL_PQC_05.d,Sample,,6/3/2017 7:41 AM,16744,0.061,3.462,59524,0.061,3.462,16221669,0.069,3.615,3332,0.060,3.526,11352,0.060,3.526,1226,0.060,3.495,3291,0.061,3.495,11718,0.061,3.441,16557,0.063,3.441,26308,0.061,3.464,87561,0.061,3.464,7621,0.061,3.495,28256,0.060,3.495,723,0.065,3.439,3112,0.062,3.439,146,0.060,3.409,302,0.060,3.409
,!,074_Serum_S1P-3uL_TQC_07,074_Serum_S1P-3uL_TQC_07.d,Sample,,6/3/2017 7:51 AM,16560,0.061,3.462,57534,0.061,3.462,15523727,0.070,3.615,3161,0.060,3.526,10762,0.060,3.518,1381,0.063,3.495,3228,0.061,3.488,11100,0.062,3.441,16730,0.063,3.441,24897,0.061,3.464,88140,0.061,3.464,7829,0.060,3.495,25270,0.061,3.495,664,0.065,3.447,2912,0.063,3.439,111,0.055,3.409,351,0.063,3.409
,!,075_Serum_S1P-3uL_Sample_F17Q,075_Serum_S1P-3uL_Sample_F17Q.d,Sample,,6/3/2017 8:01 AM,17659,0.061,3.462,57170,0.061,3.462,15229989,0.070,3.615,4146,0.060,3.526,12664,0.060,3.518,1360,0.062,3.488,3794,0.061,3.488,15410,0.062,3.441,20829,0.063,3.441,33205,0.061,3.464,104263,0.061,3.464,12443,0.061,3.495,41326,0.061,3.495,675,0.065,3.447,3335,0.062,3.439,181,0.057,3.401,455,0.063,3.409
,!,076_Serum_S1P-3uL_Sample_F04D,076_Serum_S1P-3uL_Sample_F04D.d,Sample,,6/3/2017 8:12 AM,15553,0.061,3.462,51543,0.061,3.462,16356595,0.069,3.615,3295,0.060,3.526,9842,0.060,3.526,1429,0.062,3.495,3461,0.061,3.495,12511,0.062,3.441,18859,0.063,3.441,29303,0.061,3.464,97445,0.061,3.464,8128,0.061,3.495,27019,0.061,3.495,752,0.064,3.439,3062,0.062,3.439,150,0.061,3.401,458,0.061,3.409
,!,077_Serum_S1P-3uL_Sample_F05E,077_Serum_S1P-3uL_Sample_F05E.d,Sample,,6/3/2017 8:22 AM,17764,0.061,3.462,61373,0.061,3.462,14971182,0.069,3.615,3023,0.060,3.526,11043,0.060,3.526,1411,0.062,3.495,3296,0.061,3.495,10381,0.062,3.441,16186,0.063,3.441,26429,0.061,3.464,83821,0.061,3.464,7505,0.061,3.495,22938,0.061,3.495,552,0.062,3.439,2945,0.061,3.439,113,0.056,3.409,307,0.065,3.409
,!,078_Serum_S1P-3uL_Sample_F08H,078_Serum_S1P-3uL_Sample_F08H.d,Sample,,6/3/2017 8:32 AM,16282,0.061,3.462,59153,0.061,3.462,15416247,0.069,3.615,4631,0.060,3.526,13274,0.060,3.526,1406,0.061,3.495,3482,0.061,3.495,12337,0.061,3.441,17456,0.063,3.441,26992,0.061,3.464,83803,0.061,3.464,7938,0.061,3.495,26462,0.061,3.495,682,0.063,3.439,2908,0.061,3.439,115,0.056,3.409,468,0.064,3.409
,!,079_Serum_S1P-3uL_Sample_F18R,079_Serum_S1P-3uL_Sample_F18R.d,Sample,,6/3/2017 8:42 AM,16393,0.061,3.462,54343,0.061,3.462,16925328,0.069,3.615,4415,0.059,3.518,14403,0.060,3.518,1953,0.061,3.488,4847,0.061,3.488,12763,0.062,3.434,18007,0.064,3.441,31543,0.061,3.464,98650,0.061,3.464,8764,0.061,3.495,27791,0.061,3.495,911,0.064,3.439,4091,0.062,3.439,135,0.058,3.401,283,0.060,3.409
,!,080_Serum_S1P-3uL_PQC_06,080_Serum_S1P-3uL_PQC_06.d,Sample,,6/3/2017 8:52 AM,15845,0.061,3.462,57422,0.061,3.462,15125129,0.068,3.615,3447,0.060,3.526,11376,0.060,3.526,1252,0.061,3.488,3274,0.061,3.495,11090,0.062,3.441,16834,0.063,3.441,29721,0.060,3.464,96179,0.061,3.464,8347,0.061,3.495,27149,0.060,3.495,552,0.063,3.447,3005,0.062,3.439,126,0.060,3.409,326,0.061,3.409
,!,081_Serum_S1P-3uL_TQC_08,081_Serum_S1P-3uL_TQC_08.d,Sample,,6/3/2017 9:03 AM,17059,0.061,3.462,55446,0.061,3.462,16186449,0.069,3.615,3526,0.060,3.518,11205,0.060,3.526,1320,0.061,3.495,3284,0.061,3.495,10857,0.062,3.434,16594,0.063,3.441,27549,0.061,3.464,86323,0.061,3.464,8059,0.061,3.495,25419,0.061,3.495,567,0.062,3.439,3127,0.062,3.439,163,0.059,3.401,290,0.056,3.409
,!,082_Serum_S1P-3uL_Sample_F28B,082_Serum_S1P-3uL_Sample_F28B.d,Sample,,6/3/2017 9:13 AM,17595,0.061,3.462,61920,0.061,3.462,16154175,0.072,3.615,4767,0.060,3.518,16866,0.060,3.518,1754,0.061,3.488,4635,0.061,3.495,15288,0.062,3.434,20846,0.063,3.441,33401,0.061,3.464,105295,0.061,3.464,9155,0.061,3.495,28267,0.061,3.495,731,0.063,3.439,3757,0.062,3.439,111,0.052,3.416,391,0.063,3.409
,!,083_Serum_S1P-3uL_Sample_F12L,083_Serum_S1P-3uL_Sample_F12L.d,Sample,,6/3/2017 9:23 AM,14030,0.061,3.462,50098,0.061,3.462,17589368,0.070,3.615,4428,0.059,3.526,15336,0.060,3.526,1314,0.061,3.495,4247,0.061,3.495,12144,0.061,3.434,16877,0.063,3.441,25364,0.061,3.464,78157,0.061,3.464,7016,0.061,3.495,23300,0.061,3.495,701,0.062,3.439,3955,0.061,3.439,134,0.060,3.409,309,0.060,3.409
,!,084_Serum_S1P-3uL_Sample_F11K,084_Serum_S1P-3uL_Sample_F11K.d,Sample,,6/3/2017 9:33 AM,16821,0.061,3.462,57880,0.061,3.462,15846528,0.069,3.615,3992,0.060,3.518,12527,0.060,3.526,1318,0.063,3.495,3411,0.061,3.495,10565,0.061,3.441,14107,0.063,3.441,21318,0.061,3.464,73004,0.061,3.464,8484,0.061,3.495,28773,0.061,3.495,735,0.067,3.447,3085,0.062,3.439,128,0.061,3.416,378,0.065,3.409
,!,085_Serum_S1P-3uL_PQC_07,085_Serum_S1P-3uL_PQC_07.d,Sample,,6/3/2017 9:43 AM,15371,0.061,3.462,60201,0.061,3.462,16254107,0.069,3.615,3609,0.060,3.518,11196,0.060,3.518,1370,0.061,3.495,3491,0.061,3.495,11855,0.061,3.434,17633,0.063,3.441,27053,0.061,3.464,85159,0.061,3.464,7669,0.061,3.495,26550,0.061,3.495,672,0.066,3.439,3488,0.062,3.432,145,0.061,3.416,343,0.059,3.409
,!,086_Serum_S1P-3uL_TQC_09,086_Serum_S1P-3uL_TQC_09.d,Sample,,6/3/2017 9:54 AM,16503,0.061,3.462,61679,0.061,3.462,15433901,0.070,3.615,3479,0.059,3.518,10919,0.060,3.518,1338,0.063,3.488,3237,0.061,3.488,11058,0.062,3.434,16936,0.063,3.441,28320,0.061,3.464,84016,0.062,3.464,8050,0.061,3.495,26568,0.061,3.495,625,0.062,3.439,2852,0.063,3.439,205,0.067,3.409,297,0.062,3.409
,!,087_Serum_S1P-3uL_PQC_08,087_Serum_S1P-3uL_PQC_08.d,Sample,,6/3/2017 10:04 AM,17125,0.061,3.462,57061,0.061,3.462,15728314,0.070,3.615,3735,0.059,3.518,11768,0.060,3.518,1288,0.062,3.488,3548,0.061,3.488,11468,0.062,3.434,16500,0.064,3.441,26508,0.061,3.464,92013,0.061,3.464,7923,0.061,3.495,27660,0.061,3.495,567,0.062,3.439,3558,0.062,3.439,141,0.061,3.401,339,0.059,3.401
,!,088_Serum_S1P-3uL_Sample_F29C,088_Serum_S1P-3uL_Sample_F29C.d,Sample,,6/3/2017 10:14 AM,15552,0.062,3.462,53804,0.061,3.462,15723026,0.069,3.615,8052,0.059,3.526,25900,0.060,3.518,2095,0.063,3.495,5825,0.061,3.488,17928,0.062,3.434,25895,0.063,3.441,41943,0.061,3.464,151644,0.061,3.464,11026,0.062,3.495,40272,0.061,3.495,1127,0.063,3.439,4713,0.062,3.439,190,0.061,3.401,421,0.061,3.409
,!,089_Serum_S1P-3uL_Sample_F07G,089_Serum_S1P-3uL_Sample_F07G.d,Sample,,6/3/2017 10:24 AM,15960,0.061,3.462,51322,0.061,3.462,14601072,0.069,3.615,1912,0.061,3.518,5930,0.059,3.518,1083,0.061,3.488,2675,0.061,3.488,8004,0.062,3.434,12668,0.063,3.441,24495,0.061,3.464,79148,0.061,3.464,6119,0.061,3.495,20686,0.061,3.495,420,0.066,3.447,2405,0.062,3.432,58,0.053,3.409,212,0.060,3.409
,!,090_Serum_S1P-3uL_Sample_F19S,090_Serum_S1P-3uL_Sample_F19S.d,Sample,,6/3/2017 10:34 AM,17230,0.061,3.462,54589,0.061,3.462,15011520,0.070,3.615,3580,0.060,3.526,11159,0.060,3.518,1501,0.062,3.488,3740,0.062,3.488,11111,0.062,3.434,16500,0.064,3.441,29336,0.061,3.464,94987,0.061,3.464,8535,0.061,3.495,28059,0.061,3.495,679,0.064,3.439,3546,0.062,3.439,172,0.066,3.409,371,0.062,3.409
,!,091_Serum_S1P-3uL_Sample_F01A,091_Serum_S1P-3uL_Sample_F01A.d,Sample,,6/3/2017 10:45 AM,13918,0.061,3.462,53425,0.061,3.462,15530129,0.069,3.615,2412,0.060,3.518,7039,0.060,3.518,1111,0.064,3.495,2660,0.060,3.488,10568,0.062,3.434,14488,0.063,3.441,24162,0.061,3.464,78020,0.061,3.464,5791,0.061,3.495,20790,0.061,3.495,352,0.059,3.439,2394,0.062,3.439,88,0.055,3.409,218,0.061,3.409
,!,092_Serum_S1P-3uL_PQC_09,092_Serum_S1P-3uL_PQC_09.d,Sample,,6/3/2017 10:55 AM,16340,0.061,3.462,50745,0.061,3.462,15203637,0.068,3.615,3584,0.059,3.526,10210,0.060,3.518,1290,0.061,3.495,3202,0.061,3.488,10866,0.062,3.434,16600,0.063,3.441,27588,0.061,3.464,89779,0.061,3.464,7422,0.060,3.495,25174,0.061,3.495,551,0.063,3.439,3184,0.063,3.439,97,0.057,3.409,353,0.061,3.409
,!,093_Serum_S1P-3uL_TQC_10,093_Serum_S1P-3uL_TQC_10.d,Sample,,6/3/2017 11:05 AM,16743,0.061,3.462,59834,0.060,3.462,15585459,0.069,3.615,4079,0.060,3.526,11699,0.060,3.518,1301,0.063,3.488,3284,0.061,3.495,11612,0.062,3.441,17484,0.063,3.441,27776,0.061,3.464,88627,0.061,3.464,8173,0.061,3.495,25985,0.061,3.495,738,0.067,3.439,3276,0.062,3.439,103,0.054,3.409,267,0.060,3.409
,!,094_Serum_S1P-3uL_Sample_F25Y,094_Serum_S1P-3uL_Sample_F25Y.d,Sample,,6/3/2017 11:15 AM,18019,0.061,3.462,62621,0.061,3.462,18686371,0.070,3.615,5342,0.059,3.518,17882,0.059,3.518,1520,0.061,3.488,4472,0.061,3.488,12963,0.062,3.434,19268,0.063,3.441,32714,0.061,3.464,108319,0.061,3.464,9987,0.061,3.495,32021,0.061,3.495,821,0.062,3.439,3786,0.062,3.439,119,0.056,3.416,357,0.059,3.409
,!,095_Serum_S1P-3uL_Sample_F03C,095_Serum_S1P-3uL_Sample_F03C.d,Sample,,6/3/2017 11:25 AM,19776,0.061,3.462,66132,0.060,3.462,12344608,0.071,3.615,2278,0.060,3.526,7248,0.060,3.518,1064,0.063,3.495,2391,0.061,3.495,9251,0.062,3.441,13648,0.063,3.441,27401,0.061,3.464,90689,0.060,3.464,7040,0.061,3.495,23261,0.061,3.495,510,0.065,3.439,2395,0.063,3.439,182,0.061,3.401,319,0.063,3.409
,!,096_Serum_S1P-3uL_Sample_F27A,096_Serum_S1P-3uL_Sample_F27A.d,Sample,,6/3/2017 11:36 AM,15790,0.061,3.462,52606,0.061,3.462,15346422,0.067,3.615,4204,0.060,3.518,13477,0.060,3.518,1417,0.063,3.488,3732,0.061,3.488,11226,0.063,3.441,19629,0.063,3.441,30997,0.061,3.464,102439,0.061,3.464,8242,0.061,3.495,24675,0.062,3.495,675,0.062,3.439,2900,0.062,3.439,41,0.046,3.409,363,0.065,3.409
,!,097_Serum_S1P-3uL_Sample_F22V,097_Serum_S1P-3uL_Sample_F22V.d,Sample,,6/3/2017 11:46 AM,17907,0.061,3.462,65195,0.061,3.462,13004121,0.069,3.615,2151,0.059,3.526,7100,0.060,3.526,1116,0.063,3.488,2349,0.060,3.495,9979,0.062,3.441,16143,0.063,3.441,24437,0.061,3.464,83176,0.061,3.464,7644,0.061,3.495,24438,0.061,3.495,571,0.066,3.447,2257,0.062,3.439,164,0.056,3.409,320,0.058,3.409
,!,098_Serum_S1P-3uL_PQC_10,098_Serum_S1P-3uL_PQC_10.d,Sample,,6/3/2017 11:56 AM,12463,0.062,3.462,48505,0.061,3.462,16488969,0.068,3.615,3008,0.060,3.518,10027,0.060,3.518,1159,0.064,3.488,2905,0.061,3.495,9448,0.062,3.434,12761,0.063,3.441,22099,0.061,3.464,76116,0.061,3.464,6925,0.061,3.495,19822,0.061,3.495,574,0.069,3.439,2440,0.063,3.439,82,0.057,3.416,229,0.062,3.409
,!,099_Serum_S1P-3uL_TQC_11,099_Serum_S1P-3uL_TQC_11.d,Sample,,6/3/2017 12:06 PM,17105,0.061,3.462,58360,0.061,3.462,16165136,0.068,3.615,3459,0.059,3.526,11484,0.060,3.518,1322,0.062,3.495,3184,0.061,3.488,11530,0.062,3.441,17483,0.063,3.441,25336,0.061,3.464,94546,0.061,3.464,7917,0.061,3.495,26965,0.061,3.495,609,0.062,3.439,3121,0.062,3.439,256,0.069,3.409,371,0.063,3.409
,!,100_Serum_S1P-3uL_Sample_F20T,100_Serum_S1P-3uL_Sample_F20T.d,Sample,,6/3/2017 12:17 PM,15864,0.061,3.462,54070,0.061,3.462,16782303,0.070,3.615,3495,0.059,3.526,11531,0.060,3.518,1164,0.063,3.488,2735,0.061,3.495,10064,0.062,3.441,14704,0.062,3.441,22727,0.061,3.464,81613,0.061,3.464,6382,0.061,3.495,22797,0.061,3.495,434,0.066,3.439,2447,0.062,3.439,171,0.064,3.401,218,0.058,3.409
,!,101_Serum_S1P-3uL_Sample_F26Z,101_Serum_S1P-3uL_Sample_F26Z.d,Sample,,6/3/2017 12:27 PM,16942,0.061,3.462,52077,0.061,3.462,12893143,0.067,3.615,1939,0.060,3.518,6354,0.059,3.518,896,0.061,3.488,1946,0.061,3.488,8115,0.062,3.441,12516,0.064,3.441,22547,0.061,3.464,76392,0.061,3.464,6154,0.061,3.495,21479,0.061,3.495,510,0.065,3.439,2600,0.062,3.439,176,0.070,3.394,259,0.062,3.409
,!,102_Serum_S1P-3uL_Sample_F14N,102_Serum_S1P-3uL_Sample_F14N.d,Sample,,6/3/2017 12:37 PM,15092,0.062,3.462,60600,0.061,3.462,15995425,0.068,3.615,5528,0.060,3.526,17058,0.060,3.526,1484,0.061,3.488,3961,0.061,3.495,11285,0.062,3.434,16726,0.063,3.441,27218,0.061,3.464,97806,0.061,3.464,8288,0.061,3.495,28987,0.061,3.495,889,0.064,3.447,3686,0.062,3.439,128,0.055,3.409,325,0.059,3.409
!,!,103_Serum_S1P-3uL_Sample_F13M,103_Serum_S1P-3uL_Sample_F13M.d,Sample,,6/3/2017 12:47 PM,14782,0.061,3.462,50728,0.061,3.462,18617560,0.069,3.615,1776,0.060,3.518,5982,0.059,3.518,787,0.063,3.495,1734,0.061,3.495,7839,0.063,3.434,11150,0.063,3.441,17941,0.061,3.464,58329,0.062,3.464,5617,0.060,3.495,19499,0.061,3.495,231,0.072,3.447,1324,0.063,3.432,139,0.061,3.409,224,0.068,3.409
,!,104_Serum_S1P-3uL_PQC_11,104_Serum_S1P-3uL_PQC_11.d,Sample,,6/3/2017 12:57 PM,15859,0.061,3.462,53383,0.061,3.462,15715868,0.069,3.615,3143,0.059,3.518,11171,0.060,3.518,1271,0.063,3.488,3224,0.061,3.488,11185,0.062,3.434,16258,0.063,3.441,25165,0.061,3.464,91666,0.061,3.464,7693,0.061,3.495,25564,0.061,3.495,685,0.063,3.439,3121,0.063,3.439,132,0.066,3.401,315,0.060,3.409
,!,105_Serum_S1P-3uL_PQC_12,105_Serum_S1P-3uL_PQC_12.d,Sample,,6/3/2017 1:08 PM,15635,0.061,3.462,59009,0.061,3.462,15648817,0.069,3.615,3548,0.060,3.518,11166,0.060,3.518,1319,0.063,3.495,3439,0.061,3.488,11405,0.062,3.441,15837,0.063,3.441,26879,0.061,3.464,88607,0.061,3.464,8437,0.061,3.495,24693,0.061,3.495,664,0.065,3.439,2833,0.061,3.439,114,0.056,3.409,396,0.063,3.401
,!,106_Serum_S1P-3uL_TQC_12,106_Serum_S1P-3uL_TQC_12.d,Sample,,6/3/2017 1:18 PM,16372,0.062,3.462,57011,0.061,3.462,15769415,0.069,3.615,3514,0.060,3.518,11366,0.060,3.518,1285,0.060,3.488,3416,0.061,3.488,10883,0.062,3.441,16934,0.064,3.441,27209,0.061,3.464,89016,0.061,3.464,8293,0.061,3.495,27188,0.061,3.495,663,0.066,3.439,3053,0.062,3.439,112,0.061,3.409,287,0.060,3.401
!,!,107_ISTDinBuMe_S1P-3uL_BLANK_1,107_ISTDinBuMe_S1P-3uL_BLANK_1.d,Sample,,6/3/2017 1:28 PM,,,,,,,,,,,,,,,,,,,,,,,,,,,,,,,,,,,,,,,,,,,,,,,,,,,
!,!,108_ISTDinBuMe_S1P-3uL_BLANK_2,108_ISTDinBuMe_S1P-3uL_BLANK_2.d,Sample,,6/3/2017 1:28 PM,,,,,,,,,,,,,,,,,,,,,,,,,,,,,,,,,,,,,,,,,,,,,,,,,,,
!,!,109_ISTDinBuMe_S1P-3uL_BLANK_3,109_ISTDinBuMe_S1P-3uL_BLANK_3.d,Sample,,6/3/2017 1:29 PM,,,,,,,,,,,,,,,,,,,,,,,,,,,,,,,,,,,,,,,,,,,,,,,,,,,
!,!,110_Serum_S1P-3uL_TQC1to8_1,110_Serum_S1P-3uL_TQC1to8_1.d,Sample,,6/3/2017 1:30 PM,3392,0.062,3.470,11849,0.061,3.470,6083197,0.070,3.615,571,0.060,3.533,1906,0.061,3.526,218,0.060,3.495,673,0.062,3.495,2255,0.063,3.448,3253,0.063,3.448,5765,0.061,3.472,18102,0.061,3.472,1529,0.062,3.502,4238,0.061,3.495,334,0.089,3.439,615,0.062,3.439,20,0.068,3.438,58,0.099,3.409
!,!,111_Serum_S1P-3uL_TQC1to4_1,111_Serum_S1P-3uL_TQC1to4_1.d,Sample,,6/3/2017 1:40 PM,5583,0.060,3.462,20517,0.061,3.462,9797146,0.067,3.615,1133,0.060,3.526,3622,0.060,3.526,457,0.063,3.488,1058,0.062,3.488,3972,0.062,3.434,5826,0.063,3.441,10490,0.061,3.464,31875,0.061,3.464,2677,0.060,3.495,8865,0.061,3.495,367,0.080,3.439,1094,0.060,3.439,76,0.061,3.394,189,0.074,3.409
,!,112_Serum_S1P-3uL_TQC1to2_1,112_Serum_S1P-3uL_TQC1to2_1.d,Sample,,6/3/2017 1:50 PM,9534,0.062,3.462,35821,0.060,3.462,13909761,0.067,3.615,2286,0.060,3.526,6813,0.060,3.526,676,0.061,3.488,1968,0.062,3.488,7317,0.062,3.441,10258,0.063,3.441,16594,0.061,3.464,57899,0.061,3.464,4917,0.061,3.495,14830,0.061,3.495,333,0.062,3.447,1965,0.063,3.439,107,0.054,3.409,226,0.062,3.401
,!,113_Serum_S1P-3uL_TQC1to1_1,113_Serum_S1P-3uL_TQC1to1_1.d,Sample,,6/3/2017 2:00 PM,16932,0.061,3.462,59839,0.061,3.462,15166746,0.070,3.615,3455,0.060,3.526,11348,0.060,3.518,1332,0.061,3.488,3465,0.062,3.488,11584,0.062,3.434,15987,0.063,3.441,26402,0.061,3.464,93618,0.061,3.464,8411,0.061,3.495,25134,0.061,3.495,596,0.060,3.439,2948,0.063,3.439,62,0.047,3.409,337,0.061,3.401
,!,114_Serum_S1P-3uL_TQC_13,114_Serum_S1P-3uL_TQC_13.d,Sample,,6/3/2017 2:11 PM,17031,0.061,3.462,56312,0.061,3.462,15621688,0.069,3.615,3429,0.060,3.526,10842,0.060,3.518,1411,0.063,3.495,3595,0.061,3.495,10573,0.062,3.434,16680,0.063,3.441,27834,0.061,3.464,92418,0.061,3.464,8034,0.061,3.495,29782,0.061,3.495,688,0.066,3.439,3108,0.062,3.439,99,0.052,3.409,322,0.061,3.409
,!,115_Serum_S1P-3uL_TQC_14,115_Serum_S1P-3uL_TQC_14.d,Sample,,6/3/2017 2:21 PM,16613,0.061,3.462,59663,0.061,3.462,15176154,0.070,3.615,3320,0.060,3.518,11700,0.060,3.518,1366,0.063,3.488,3718,0.061,3.488,11276,0.062,3.434,17087,0.063,3.441,27032,0.061,3.464,88647,0.061,3.464,7690,0.061,3.495,26803,0.061,3.495,629,0.067,3.439,3247,0.063,3.439,170,0.059,3.409,350,0.061,3.409
!,!,116_ISTDinBuMe_S1P-3uL_BLANK_1,116_ISTDinBuMe_S1P-3uL_BLANK_1.d,Sample,,6/3/2017 2:31 PM,,,,,,,,,,,,,,,,,,,,,,,,,,,,,,,,,,,,,,,,,,,,,,,,,,,
!,!,117_ISTDinBuMe_S1P-3uL_BLANK_2,117_ISTDinBuMe_S1P-3uL_BLANK_2.d,Sample,,6/3/2017 2:31 PM,,,,,,,,,,,,,,,,,,,,,,,,,,,,,,,,,,,,,,,,,,,,,,,,,,,
!,!,118_ISTDinBuMe_S1P-3uL_BLANK_3,118_ISTDinBuMe_S1P-3uL_BLANK_3.d,Sample,,6/3/2017 2:32 PM,,,,,,,,,,,,,,,,,,,,,,,,,,,,,,,,,,,,,,,,,,,,,,,,,,,
