Sample,,,,,,,,,Hex4Cer d18:1/14:0 [M>SphB] Results,,,,,,,Hex4Cer d32:1 [M>M-HexAll] Results,,,,,,,Hex4Cer d18:1/16:1 [M>SphB] Results,,,,,,,Hex4Cer d18:2/16:0 [M>SphB] Results,,,,,,,Hex4Cer d34:2 [M>M-HexAll] Results,,,,,,,Hex4Cer d18:1/16:0 [M>SphB] Results,,,,,,,Hex4Cer d34:1 [M>M-HexAll] Results,,,,,,,Hex4Cer d18:2/18:0 [M>SphB] Results,,,,,,,Hex4Cer d18:1/18:1 [M>SphB] Results,,,,,,,Hex4Cer d36:2 [M>M-HexAll] Results,,,,,,,Hex4Cer d35:1 [M>M-HexAll] Results,,,,,,,Hex2Cer d18:1/16:0 d3 (IS) [M>SphB] Results,,,,,,,Hex2Cer d34:1 d3 (IS) [M>M-HexAll] Results,,,,,,,Hex4Cer d36:1 [M>M-HexAll] Results,,,,,,,Hex4Cer d18:1/18:0 [M>SphB] Results,,,,,,,Hex4Cer d18:1/20:1 [M>SphB] Results,,,,,,,Hex4Cer d38:2 [M>M-HexAll] Results,,,,,,,Hex3Cer d18:1/18:0 d3 (IS) [M>SphB] Results,,,,,,,Hex3Cer d36:1 d3 (IS) [M>M-HexAll] Results,,,,,,,Hex4Cer d18:1/19:0 [M>SphB] Results,,,,,,,Hex4Cer d37:1 [M>M-HexAll] Results,,,,,,,Hex4Cer d18:1/20:0 [M>SphB] Results,,,,,,,Hex4Cer d38:1 [M>M-HexAll] Results,,,,,,,Hex4Cer d18:1/17:0 [M>SphB] Results,,,,,,,Hex4Cer d18:1/22:1 [M>SphB] Results,,,,,,,Hex4Cer d18:2/22:0 [M>SphB] Results,,,,,,,Hex4Cer d40:2 [M>M-HexAll] Results,,,,,,,Hex4Cer d18:2/24:1 [M>SphB] Results,,,,,,,Hex4Cer d42:3 [M>M-HexAll] Results,,,,,,,Hex4Cer d18:1/22:0 [M>SphB] Results,,,,,,,Hex4Cer d40:1 [M>M-HexAll] Results,,,,,,,Hex4Cer d18:1/24:1 [M>SphB] Results,,,,,,,Hex4Cer d42:2 [M>M-HexAll] Results,,,,,,,Hex4Cer d18:2/24:0 [M>SphB] Results,,,,,,,Hex4Cer d18:1/25:1 [M>SphB] Results,,,,,,,Hex4Cer d43:2 [M>M-HexAll] Results,,,,,,,Hex4Cer d18:1/23:0 [M>SphB] Results,,,,,,,Hex4Cer d41:1 [M>M-HexAll] Results,,,,,,,Hex4Cer d18:1/24:0 [M>SphB] Results,,,,,,,Hex4Cer d42:1 [M>M-HexAll] Results,,,,,,,Hex4Cer d18:1/25:0 [M>SphB] Results,,,,,,,Hex4Cer d43:1 [M>M-HexAll] Results,,,,,,,Hex4Cer d18:1/26:0 [M>SphB] Results,,,,,,,Hex4Cer d44:1 [M>M-HexAll] Results,,,,,,
,,Name,Data File,Type,Level,Acq. Date-Time,Vol.,Pos.,RT,Area,Height,FWHM,Int. Start,Int. End,MI,RT,Area,Height,FWHM,Int. Start,Int. End,MI,RT,Area,Height,FWHM,Int. Start,Int. End,MI,RT,Area,Height,FWHM,Int. Start,Int. End,MI,RT,Area,Height,FWHM,Int. Start,Int. End,MI,RT,Area,Height,FWHM,Int. Start,Int. End,MI,RT,Area,Height,FWHM,Int. Start,Int. End,MI,RT,Area,Height,FWHM,Int. Start,Int. End,MI,RT,Area,Height,FWHM,Int. Start,Int. End,MI,RT,Area,Height,FWHM,Int. Start,Int. End,MI,RT,Area,Height,FWHM,Int. Start,Int. End,MI,RT,Area,Height,FWHM,Int. Start,Int. End,MI,RT,Area,Height,FWHM,Int. Start,Int. End,MI,RT,Area,Height,FWHM,Int. Start,Int. End,MI,RT,Area,Height,FWHM,Int. Start,Int. End,MI,RT,Area,Height,FWHM,Int. Start,Int. End,MI,RT,Area,Height,FWHM,Int. Start,Int. End,MI,RT,Area,Height,FWHM,Int. Start,Int. End,MI,RT,Area,Height,FWHM,Int. Start,Int. End,MI,RT,Area,Height,FWHM,Int. Start,Int. End,MI,RT,Area,Height,FWHM,Int. Start,Int. End,MI,RT,Area,Height,FWHM,Int. Start,Int. End,MI,RT,Area,Height,FWHM,Int. Start,Int. End,MI,RT,Area,Height,FWHM,Int. Start,Int. End,MI,RT,Area,Height,FWHM,Int. Start,Int. End,MI,RT,Area,Height,FWHM,Int. Start,Int. End,MI,RT,Area,Height,FWHM,Int. Start,Int. End,MI,RT,Area,Height,FWHM,Int. Start,Int. End,MI,RT,Area,Height,FWHM,Int. Start,Int. End,MI,RT,Area,Height,FWHM,Int. Start,Int. End,MI,RT,Area,Height,FWHM,Int. Start,Int. End,MI,RT,Area,Height,FWHM,Int. Start,Int. End,MI,RT,Area,Height,FWHM,Int. Start,Int. End,MI,RT,Area,Height,FWHM,Int. Start,Int. End,MI,RT,Area,Height,FWHM,Int. Start,Int. End,MI,RT,Area,Height,FWHM,Int. Start,Int. End,MI,RT,Area,Height,FWHM,Int. Start,Int. End,MI,RT,Area,Height,FWHM,Int. Start,Int. End,MI,RT,Area,Height,FWHM,Int. Start,Int. End,MI,RT,Area,Height,FWHM,Int. Start,Int. End,MI,RT,Area,Height,FWHM,Int. Start,Int. End,MI,RT,Area,Height,FWHM,Int. Start,Int. End,MI,RT,Area,Height,FWHM,Int. Start,Int. End,MI,RT,Area,Height,FWHM,Int. Start,Int. End,MI
,,QC_E1-4_Gb4,035_FabryP1_QC_E1-4_Gb4.d,Sample,,12-Nov-16 09:04,-1.00,P1-D9,3.576,252,56,0.070,3.505,3.689,False,3.590,356,76,0.079,3.506,3.688,False,3.660,14,5,0.065,3.618,3.702,False,3.646,424,83,0.080,3.575,3.773,False,3.674,359,70,0.078,3.563,3.787,False,3.942,10838,2373,0.072,3.843,4.140,False,3.956,6352,1337,0.076,3.829,4.083,False,4.025,68,18,0.065,3.955,4.079,False,4.054,80,15,0.099,3.898,4.124,False,4.011,336,42,0.097,3.884,4.237,True,4.125,241,37,0.073,3.974,4.408,True,4.242,51816,10368,0.078,4.090,4.511,False,4.242,29431,6047,0.076,4.115,4.327,False,4.322,2300,453,0.080,4.211,4.434,False,4.395,18,5,0.066,4.296,4.438,False,4.377,570,110,0.077,4.278,4.476,False,4.391,900,186,0.071,4.278,4.569,False,4.468,570630,129767,0.069,4.340,4.651,False,4.468,351001,78889,0.069,4.340,4.651,False,4.477,111,24,0.071,4.406,4.564,False,4.477,186,46,0.065,4.406,4.568,False,4.659,1941,400,0.077,4.561,4.772,False,4.674,1761,325,0.088,4.546,4.857,False,4.677,153,29,0.087,4.578,4.790,False,4.701,1409,181,0.129,4.518,4.827,False,4.743,850,156,0.080,4.658,4.927,False,4.715,3350,439,0.119,4.560,5.009,False,4.741,641,104,0.094,4.657,4.921,False,4.741,1070,172,0.098,4.628,4.953,False,4.969,9475,2146,0.069,4.870,5.138,False,4.969,8509,1917,0.069,4.870,5.110,False,4.967,8507,1926,0.067,4.882,5.150,False,4.967,13852,2505,0.072,4.868,5.235,False,5.066,561,112,0.076,4.967,5.193,False,5.135,113,22,0.070,5.064,5.375,False,5.121,390,58,0.105,5.016,5.333,False,5.138,2245,450,0.077,5.011,5.298,False,5.138,1933,387,0.075,5.011,5.392,False,5.305,4102,645,0.106,5.178,5.475,False,5.305,4039,702,0.093,5.178,5.459,False,5.417,234,42,0.091,5.304,5.559,False,5.403,354,59,0.080,5.262,5.502,False,5.572,149,34,0.070,5.473,5.841,False,5.544,155,26,0.097,5.374,5.656,False
!,!,QC_E1-4_Gb4,036_FabryP1_QC_E1-4_Gb4.d,Sample,,12-Nov-16 09:15,-1.00,P1-D9,3.576,151,30,0.082,3.486,3.675,False,3.604,249,52,0.078,3.505,3.774,False,3.702,64,10,0.082,3.575,3.801,False,3.660,476,98,0.071,3.575,3.801,False,3.646,471,96,0.071,3.533,3.773,False,3.942,8434,1725,0.078,3.815,4.097,False,3.956,6145,1249,0.078,3.829,4.082,False,3.955,61,8,0.144,3.856,4.152,False,,,,,,,False,4.025,331,44,0.130,3.939,4.153,False,4.140,176,36,0.068,3.970,4.224,False,4.242,50206,10317,0.076,4.101,4.511,False,4.242,30245,6219,0.076,4.101,4.327,False,4.322,1672,286,0.094,4.223,4.477,False,4.367,27,7,0.067,4.310,4.424,False,4.391,239,47,0.086,4.264,4.462,False,4.377,940,206,0.069,4.264,4.504,False,4.468,592542,133124,0.069,4.340,4.651,False,4.468,403451,93194,0.068,4.340,4.651,False,4.477,93,22,0.068,4.434,4.632,False,4.491,193,30,0.107,4.336,4.828,False,4.659,1349,240,0.092,4.560,4.758,False,4.659,1391,293,0.077,4.575,4.872,False,4.677,167,38,0.073,4.592,4.810,False,4.701,1333,221,0.094,4.588,4.814,False,4.729,766,122,0.087,4.644,4.884,False,4.729,3271,438,0.125,4.573,4.899,False,4.755,697,105,0.106,4.642,4.925,False,4.741,1236,195,0.101,4.642,4.953,False,4.969,9608,2204,0.068,4.870,5.209,False,4.969,7493,1609,0.070,4.856,5.209,False,4.967,7777,1727,0.068,4.853,5.192,False,4.967,13703,2686,0.070,4.868,5.221,False,5.080,430,90,0.071,4.967,5.249,False,5.135,242,51,0.076,5.064,5.291,False,5.149,342,74,0.071,5.050,5.418,False,5.138,1899,411,0.073,5.040,5.350,False,5.138,1830,349,0.083,5.025,5.386,False,5.305,4475,721,0.106,5.150,5.447,False,5.305,3741,704,0.089,5.178,5.404,False,5.417,312,72,0.070,5.347,5.516,False,5.403,464,86,0.085,5.301,5.516,False,5.586,107,24,0.069,5.487,5.685,False,5.572,151,26,0.094,5.388,5.629,False
!,!,S01_F14N_E1-4_Gb4,037_FabryP1_S01_F14N_E1-4_Gb4.d,Sample,,12-Nov-16 09:27,-1.00,P1-A1,3.576,123,26,0.064,3.497,3.760,False,3.576,383,78,0.077,3.463,3.732,False,3.660,52,11,0.062,3.533,3.815,False,3.660,311,59,0.088,3.561,3.787,False,3.660,425,94,0.071,3.580,3.745,False,3.942,5847,1193,0.077,3.830,4.168,False,3.956,4774,1000,0.076,3.829,4.218,False,4.039,92,24,0.065,3.983,4.096,False,,,,,,,False,4.054,271,43,0.101,3.926,4.181,False,4.154,167,19,0.156,3.991,4.281,False,4.242,61732,13148,0.073,4.115,4.440,False,4.242,33384,7032,0.073,4.115,4.341,False,4.322,1184,223,0.082,4.223,4.633,False,,,,,,,False,4.391,335,67,0.073,4.250,4.462,False,4.391,411,72,0.089,4.291,4.575,False,4.468,710901,164759,0.068,4.354,4.708,False,4.468,385653,87699,0.069,4.340,4.736,False,4.505,78,14,0.100,4.434,4.576,False,4.491,31,7,0.068,4.392,4.604,False,4.659,1729,393,0.070,4.546,4.787,False,4.674,1863,385,0.076,4.575,4.928,False,4.677,484,116,0.067,4.550,4.847,False,4.673,1555,315,0.073,4.574,4.885,False,4.743,548,108,0.079,4.616,4.910,False,4.686,3789,638,0.088,4.587,4.899,False,4.727,521,69,0.127,4.628,4.911,False,4.741,800,147,0.075,4.642,4.897,False,4.997,11557,2442,0.075,4.870,5.138,False,4.983,10279,2152,0.075,4.856,5.152,False,4.995,12696,2584,0.076,4.882,5.150,False,4.995,18946,3621,0.078,4.882,5.235,False,5.066,540,90,0.086,4.910,5.256,False,5.149,250,38,0.108,5.037,5.262,False,5.107,401,55,0.120,4.966,5.245,False,5.138,1404,301,0.073,5.053,5.265,False,5.138,1404,294,0.073,5.011,5.250,False,5.291,10062,2174,0.073,5.181,5.461,False,5.291,6559,1353,0.077,5.178,5.432,False,5.431,150,21,0.120,5.319,5.544,False,5.403,258,59,0.068,5.276,5.502,False,5.572,112,19,0.085,5.488,5.699,False,5.544,134,31,0.071,5.474,5.647,False
!,!,S02_F19S_E1-4_Gb4,038_FabryP1_S02_F19S_E1-4_Gb4.d,Sample,,12-Nov-16 09:39,-1.00,P1-A2,3.576,426,100,0.066,3.505,3.746,False,3.576,391,75,0.076,3.477,3.715,False,3.688,49,10,0.064,3.603,3.842,False,3.646,454,81,0.078,3.561,3.784,False,3.660,620,112,0.082,3.575,3.787,False,3.956,7725,1665,0.073,3.829,4.097,False,3.956,5955,1296,0.072,3.843,4.084,False,4.039,131,26,0.097,3.955,4.110,False,4.054,133,27,0.080,3.955,4.110,False,4.039,376,59,0.098,3.914,4.168,False,4.140,180,35,0.067,4.012,4.317,False,4.242,64899,13731,0.074,4.115,4.511,False,4.242,31557,6636,0.074,4.115,4.341,False,4.322,1426,269,0.079,4.210,4.590,False,,,,,,,False,4.377,390,69,0.078,4.264,4.476,False,4.377,627,109,0.078,4.250,4.519,False,4.468,767397,179197,0.068,4.340,4.736,False,4.468,408044,93994,0.068,4.340,4.722,False,4.477,81,16,0.074,4.339,4.576,False,4.477,92,16,0.086,4.378,4.604,False,4.659,2652,573,0.073,4.532,4.758,False,4.659,1696,342,0.079,4.589,4.787,False,4.677,427,98,0.070,4.578,4.915,False,4.687,1544,271,0.094,4.560,4.800,False,4.743,621,112,0.082,4.644,4.952,False,4.687,3317,452,0.117,4.588,4.955,False,4.727,620,106,0.090,4.656,4.922,False,4.727,949,151,0.084,4.656,4.968,False,4.983,16992,3594,0.074,4.856,5.153,False,4.997,12639,2585,0.078,4.870,5.138,False,4.981,13812,2543,0.088,4.868,5.207,False,4.995,21756,4005,0.080,4.882,5.264,False,5.051,1082,208,0.075,4.924,5.220,False,5.135,197,45,0.072,5.050,5.192,False,5.135,370,55,0.092,4.965,5.291,False,5.138,1827,377,0.075,5.039,5.265,False,5.138,1169,237,0.075,5.025,5.322,False,5.291,15461,3345,0.073,5.164,5.404,False,5.291,11006,2308,0.075,5.178,5.404,False,5.403,288,55,0.082,5.248,5.530,False,5.417,236,49,0.077,5.290,5.515,False,5.544,261,47,0.085,5.459,5.808,False,5.544,284,59,0.078,5.423,5.629,False
!,!,S03_F25Y_E1-4_Gb4,039_FabryP1_S03_F25Y_E1-4_Gb4.d,Sample,,12-Nov-16 09:50,-1.00,P1-A3,3.562,135,24,0.094,3.505,3.732,False,3.576,335,78,0.070,3.505,3.661,False,,,,,,,False,3.674,232,42,0.092,3.589,3.787,False,3.660,400,74,0.090,3.575,3.759,False,3.942,12907,2803,0.073,3.829,4.126,False,3.956,8477,1814,0.074,3.843,4.182,False,4.039,146,32,0.070,3.898,4.124,False,4.068,98,23,0.069,3.997,4.195,False,4.039,301,43,0.095,3.969,4.294,True,4.140,223,35,0.089,3.991,4.281,False,4.242,63814,13559,0.073,4.115,4.511,False,4.242,31273,6501,0.076,4.115,4.341,False,4.322,3823,713,0.086,4.237,4.477,False,,,,,,,False,4.391,575,118,0.075,4.292,4.476,False,4.391,1692,356,0.072,4.278,4.518,False,4.468,638638,146276,0.068,4.340,4.651,False,4.468,376162,86586,0.068,4.340,4.651,False,4.491,110,26,0.069,4.421,4.589,False,4.505,304,55,0.091,4.335,4.604,False,4.659,6271,1343,0.074,4.532,4.801,False,4.659,6099,1217,0.080,4.546,4.787,False,4.663,362,79,0.076,4.578,4.748,False,4.687,3858,700,0.084,4.574,4.843,False,4.743,1506,264,0.089,4.644,4.913,False,4.686,9181,1371,0.105,4.559,4.927,False,4.741,958,167,0.084,4.657,4.854,False,4.741,2161,361,0.093,4.643,4.981,False,4.997,48013,9743,0.077,4.856,5.223,False,4.983,36777,7681,0.075,4.884,5.194,False,4.981,30918,6016,0.081,4.882,5.257,False,4.981,43768,8084,0.081,4.882,5.320,False,5.065,2098,427,0.075,4.938,5.207,False,5.135,347,72,0.072,5.050,5.290,False,5.135,508,72,0.100,4.979,5.276,False,5.138,4132,871,0.076,5.039,5.378,False,5.138,3198,639,0.077,5.011,5.321,False,5.291,38810,8345,0.073,5.150,5.560,False,5.291,29659,6276,0.074,5.164,5.503,False,5.417,564,122,0.075,5.290,5.515,False,5.417,1017,223,0.072,5.290,5.629,False,5.558,737,158,0.075,5.468,5.713,False,5.530,680,139,0.074,5.445,5.714,False
,,S04_F01A_E1-4_Gb4,040_FabryP1_S04_F01A_E1-4_Gb4.d,Sample,,12-Nov-16 10:02,-1.00,P1-A4,3.576,358,76,0.069,3.463,3.689,False,3.590,365,72,0.076,3.505,3.760,False,3.716,32,8,0.064,3.622,3.868,False,3.646,501,97,0.076,3.547,3.773,False,3.660,555,120,0.076,3.575,3.759,False,3.942,10247,2163,0.074,3.829,4.126,False,3.956,7663,1542,0.078,3.829,4.154,False,4.039,118,21,0.090,3.898,4.195,False,4.082,95,14,0.115,3.969,4.181,False,4.039,540,93,0.090,3.940,4.167,False,4.125,125,29,0.065,4.055,4.338,False,4.242,64705,13675,0.073,4.115,4.511,False,4.242,31652,6650,0.075,4.115,4.327,False,4.322,4076,817,0.077,4.194,4.435,False,4.268,11,3,0.065,4.226,4.310,False,4.391,793,155,0.073,4.250,4.490,False,4.391,1577,328,0.072,4.250,4.547,False,4.468,542289,121185,0.070,4.340,4.736,False,4.468,365755,83214,0.069,4.340,4.736,False,4.477,108,22,0.073,4.420,4.590,False,4.491,249,57,0.070,4.378,4.578,False,4.674,6683,1467,0.073,4.575,4.787,False,4.674,5513,1153,0.077,4.546,4.843,False,4.677,355,84,0.069,4.592,4.751,False,4.673,2982,572,0.077,4.588,4.856,False,4.743,893,133,0.113,4.644,4.944,False,4.687,7287,1185,0.086,4.559,4.955,False,4.741,619,99,0.088,4.614,4.953,False,4.741,1212,195,0.101,4.642,4.883,False,4.997,20992,4499,0.074,4.900,5.157,False,4.997,19576,3972,0.077,4.870,5.195,False,4.981,14434,2847,0.078,4.868,5.136,False,4.995,23266,4423,0.080,4.882,5.207,False,5.051,889,159,0.079,4.924,5.193,False,5.135,280,51,0.093,5.065,5.276,False,5.135,222,38,0.091,5.036,5.262,False,5.138,1602,368,0.071,5.039,5.237,False,5.138,1628,340,0.076,5.011,5.237,False,5.291,11532,2338,0.079,5.180,5.474,False,5.291,10170,2198,0.073,5.178,5.404,False,5.417,194,35,0.090,5.332,5.585,False,5.417,303,52,0.092,5.304,5.542,False,5.572,235,48,0.093,5.473,5.643,False,5.544,278,60,0.073,5.450,5.684,False
,,S05_F03C_E1-4_Gb4,041_FabryP1_S05_F03C_E1-4_Gb4.d,Sample,,12-Nov-16 10:14,-1.00,P1-A5,3.576,409,94,0.068,3.491,3.689,False,3.590,505,101,0.078,3.435,3.732,False,3.688,71,17,0.068,3.561,3.783,False,3.674,549,118,0.072,3.575,3.815,False,3.660,819,157,0.080,3.533,3.773,False,3.956,18840,3974,0.075,3.846,4.183,False,3.942,15255,3179,0.075,3.829,4.098,False,3.997,65,12,0.085,3.884,4.235,False,4.082,120,20,0.087,3.912,4.153,False,4.039,559,97,0.087,3.870,4.181,False,4.140,237,30,0.133,4.013,4.309,True,4.242,59250,12337,0.073,4.101,4.482,False,4.242,32354,6754,0.075,4.115,4.341,False,4.322,3998,828,0.076,4.223,4.463,False,4.282,26,7,0.065,4.211,4.339,False,4.377,1068,218,0.072,4.250,4.476,False,4.391,2181,463,0.073,4.279,4.504,False,4.468,521272,113432,0.072,4.340,4.736,False,4.468,354698,78514,0.070,4.340,4.708,False,4.491,104,26,0.065,4.411,4.547,False,4.491,176,34,0.071,4.364,4.611,False,4.659,8124,1796,0.073,4.575,4.758,False,4.659,7162,1539,0.074,4.560,4.786,False,4.677,701,167,0.068,4.578,4.762,False,4.687,4420,806,0.080,4.546,4.857,False,4.743,1176,197,0.098,4.602,4.856,False,4.687,10521,1646,0.093,4.545,4.969,False,4.741,1391,240,0.089,4.644,4.939,False,4.741,2892,455,0.091,4.642,4.961,False,4.983,62674,13272,0.075,4.856,5.153,False,4.983,39543,8197,0.077,4.884,5.138,False,4.981,48600,9494,0.081,4.868,5.221,False,4.981,74218,14484,0.078,4.868,5.248,False,5.066,1815,362,0.073,4.924,5.207,False,5.135,441,74,0.097,5.052,5.291,False,5.121,619,98,0.089,4.994,5.422,False,5.138,3978,806,0.077,5.025,5.364,False,5.138,3915,784,0.077,5.011,5.293,False,5.291,41424,8711,0.075,5.151,5.532,False,5.291,34379,7302,0.075,5.178,5.475,False,5.403,384,70,0.091,5.290,5.573,False,5.417,785,147,0.074,5.248,5.587,False,5.544,447,88,0.075,5.417,5.728,False,5.544,600,125,0.074,5.445,5.742,False
!,!,S06_F07G_E1-4_Gb4,042_FabryP1_S06_F07G_E1-4_Gb4.d,Sample,,12-Nov-16 10:25,-1.00,P1-A6,3.590,306,63,0.073,3.505,3.731,False,3.590,557,115,0.076,3.491,3.702,False,3.674,68,13,0.102,3.590,3.745,False,3.660,410,86,0.074,3.576,3.773,False,3.660,608,126,0.079,3.575,3.773,False,3.956,5779,1224,0.074,3.843,4.069,False,3.956,3931,800,0.077,3.829,4.125,False,4.011,40,10,0.067,3.941,4.124,False,,,,,,,False,4.039,276,50,0.082,3.926,4.181,False,4.125,66,17,0.064,4.069,4.196,False,4.242,60511,12517,0.075,4.115,4.468,False,4.242,34755,7541,0.072,4.115,4.327,False,4.322,259,56,0.072,4.223,4.576,False,,,,,,,False,4.434,40,7,0.109,4.313,4.476,False,4.377,38,9,0.067,4.307,4.447,False,4.468,570595,129214,0.069,4.340,4.651,False,4.468,384747,88189,0.068,4.340,4.651,False,4.463,34,9,0.066,4.406,4.519,False,,,,,,,False,4.659,81,19,0.068,4.589,4.742,False,4.674,185,47,0.067,4.589,4.730,False,4.677,554,130,0.070,4.606,4.762,False,4.659,184,36,0.069,4.489,4.744,False,4.771,79,14,0.099,4.672,4.952,False,4.715,102,20,0.073,4.573,4.814,False,4.741,72,15,0.081,4.671,4.826,False,4.798,54,8,0.107,4.629,4.939,False,4.997,1014,199,0.078,4.880,5.223,False,4.983,488,114,0.069,4.889,5.082,False,4.995,972,191,0.076,4.873,5.122,False,4.981,2028,403,0.072,4.896,5.174,False,5.108,54,12,0.068,4.995,5.215,False,,,,,,,False,5.177,1,0,0.829,5.036,5.220,True,5.152,80,22,0.063,5.096,5.208,False,5.152,99,21,0.091,5.081,5.236,False,5.277,1170,230,0.077,5.178,5.433,False,5.291,797,156,0.077,5.192,5.404,False,5.446,30,8,0.057,5.389,5.502,False,5.446,21,5,0.069,5.290,5.488,False,5.544,12,4,0.065,5.502,5.586,False,5.530,55,13,0.063,5.473,5.643,False
!,!,QC_E1-4_Gb4,043_FabryP1_QC_E1-4_Gb4.d,Sample,,12-Nov-16 10:37,-1.00,P1-D9,3.590,257,47,0.094,3.463,3.730,False,3.576,438,94,0.072,3.504,3.703,False,3.688,68,15,0.071,3.618,3.834,False,3.646,330,50,0.131,3.575,3.787,True,3.660,476,83,0.079,3.575,3.787,False,3.956,9204,1868,0.078,3.843,4.140,False,3.956,6426,1384,0.073,3.857,4.084,False,4.025,122,29,0.063,3.969,4.181,False,4.011,104,19,0.088,3.955,4.110,False,4.039,276,50,0.080,3.919,4.167,False,4.125,263,61,0.069,4.055,4.253,False,4.242,50351,9947,0.078,4.086,4.426,False,4.242,30863,6454,0.075,4.115,4.327,False,4.322,2333,460,0.082,4.209,4.485,False,,,,,,,False,4.363,351,74,0.074,4.264,4.434,False,4.377,1083,219,0.072,4.264,4.518,False,4.468,733209,169466,0.068,4.340,4.651,False,4.468,401715,91116,0.069,4.340,4.720,False,4.505,143,34,0.077,4.434,4.576,False,4.505,106,28,0.068,4.435,4.561,False,4.659,1863,350,0.082,4.546,4.773,False,4.659,1813,346,0.085,4.547,4.787,False,4.677,154,37,0.069,4.607,4.762,False,4.715,1255,195,0.098,4.574,4.871,False,4.743,1023,174,0.095,4.645,4.982,False,4.701,3730,544,0.104,4.588,4.998,False,4.741,590,86,0.110,4.643,4.965,False,4.741,1204,199,0.093,4.657,4.925,False,4.969,10621,2395,0.068,4.870,5.181,False,4.969,8495,1883,0.069,4.884,5.223,False,4.967,9285,1998,0.067,4.868,5.207,False,4.967,14209,2673,0.069,4.853,5.207,False,5.065,670,131,0.073,4.924,5.193,False,5.149,254,56,0.072,5.051,5.256,False,5.121,396,62,0.088,5.022,5.390,False,5.138,2018,442,0.073,5.029,5.364,False,5.138,2228,504,0.070,5.011,5.293,False,5.305,4267,696,0.103,5.164,5.517,False,5.305,4512,801,0.095,5.136,5.461,False,5.417,219,58,0.065,5.347,5.495,False,5.417,373,82,0.074,5.318,5.488,False,5.558,156,28,0.096,5.431,5.692,False,5.544,109,12,0.172,5.459,5.784,True
!,!,S07_F20T_E1-4_Gb4,044_FabryP1_S07_F20T_E1-4_Gb4.d,Sample,,12-Nov-16 10:49,-1.00,P1-A7,3.576,234,54,0.069,3.477,3.703,False,3.576,370,92,0.067,3.519,3.845,False,3.716,16,4,0.065,3.674,3.869,False,3.660,432,93,0.071,3.575,3.844,False,3.660,449,94,0.076,3.569,3.759,False,3.956,13762,2967,0.073,3.843,4.225,False,3.956,8203,1735,0.075,3.843,4.154,False,4.039,140,24,0.091,3.943,4.152,False,4.025,92,12,0.137,3.914,4.152,False,4.011,448,77,0.083,3.885,4.209,True,4.154,372,74,0.076,4.041,4.338,False,4.242,61313,12907,0.073,4.115,4.454,False,4.242,34930,7449,0.073,4.115,4.355,False,4.322,3771,715,0.082,4.223,4.590,False,,,,,,,False,4.377,881,173,0.076,4.264,4.476,False,4.377,1747,354,0.071,4.250,4.632,False,4.468,635001,146324,0.069,4.340,4.736,False,4.468,355931,80425,0.068,4.340,4.651,False,4.491,174,37,0.077,4.392,4.619,False,4.505,214,36,0.108,4.378,4.647,False,4.659,6319,1390,0.072,4.560,4.787,False,4.659,7042,1517,0.073,4.560,4.857,False,4.663,205,51,0.066,4.592,4.734,False,4.673,3651,718,0.074,4.560,4.942,False,4.729,1130,182,0.102,4.630,4.898,False,4.687,9089,1493,0.085,4.573,4.941,False,4.727,869,124,0.123,4.642,5.166,False,4.741,1655,306,0.079,4.642,4.968,False,4.983,43904,9226,0.075,4.889,5.218,False,4.983,32301,7001,0.073,4.870,5.181,False,4.995,30939,5964,0.081,4.868,5.179,False,4.981,50023,9284,0.082,4.853,5.193,False,5.051,1580,315,0.075,4.924,5.207,False,5.135,480,93,0.079,5.050,5.276,False,5.135,542,77,0.109,5.008,5.305,False,5.138,3457,730,0.074,5.039,5.265,False,5.138,3154,637,0.080,5.011,5.251,False,5.277,29913,6217,0.075,5.182,5.602,False,5.277,28696,6002,0.076,5.164,5.433,False,5.417,370,72,0.083,5.318,5.502,False,5.417,768,135,0.084,5.290,5.545,False,5.544,688,131,0.094,5.431,5.671,False,5.544,663,121,0.089,5.431,5.657,False
!,!,S08_F27A_E1-4_Gb4,045_FabryP1_S08_F27A_E1-4_Gb4.d,Sample,,12-Nov-16 11:00,-1.00,P1-A8,3.590,369,82,0.071,3.519,3.701,False,3.590,446,112,0.065,3.477,3.647,False,3.688,26,6,0.073,3.619,3.759,False,3.660,268,57,0.076,3.575,3.758,False,3.646,335,75,0.069,3.576,3.772,False,3.956,6479,1343,0.076,3.815,4.098,False,3.956,4959,1068,0.073,3.843,4.140,False,4.011,52,14,0.064,3.940,4.068,False,,,,,,,False,4.039,219,44,0.083,3.898,4.124,False,4.125,166,27,0.074,4.055,4.338,True,4.242,64825,13733,0.074,4.115,4.426,False,4.242,31715,6666,0.075,4.115,4.327,False,4.322,925,193,0.073,4.223,4.477,False,,,,,,,False,4.377,270,48,0.085,4.298,4.490,False,4.377,625,105,0.082,4.264,4.617,False,4.468,646051,144766,0.070,4.340,4.736,False,4.468,381895,87643,0.068,4.340,4.651,False,4.463,75,14,0.078,4.392,4.590,False,4.463,55,11,0.068,4.406,4.589,False,4.659,1563,364,0.069,4.575,4.744,False,4.659,1615,360,0.073,4.575,4.787,False,4.677,498,105,0.077,4.578,4.754,False,4.687,1230,207,0.086,4.560,4.842,False,4.729,495,85,0.097,4.658,4.912,False,4.686,3017,423,0.113,4.587,4.925,False,4.727,309,45,0.114,4.628,4.883,False,4.741,622,98,0.104,4.671,4.925,False,4.997,11905,2487,0.075,4.884,5.153,False,4.997,8653,1769,0.077,4.884,5.209,False,4.981,9221,1737,0.083,4.882,5.306,False,4.981,15397,2756,0.085,4.853,5.221,False,5.065,713,156,0.074,4.938,5.179,False,5.121,143,35,0.068,5.050,5.177,False,5.135,224,43,0.087,5.008,5.319,False,5.138,1267,274,0.074,5.053,5.279,False,5.138,962,183,0.083,5.039,5.275,False,5.291,12253,2603,0.075,5.178,5.447,False,5.277,9034,1840,0.076,5.164,5.532,False,5.417,177,38,0.073,5.332,5.502,False,5.403,329,54,0.099,5.248,5.522,False,5.558,75,14,0.094,5.487,5.643,False,5.558,284,68,0.067,5.459,5.714,False
!,!,S09_F29C_E1-4_Gb4,046_FabryP1_S09_F29C_E1-4_Gb4.d,Sample,,12-Nov-16 11:12,-1.00,P1-A9,3.576,302,70,0.068,3.463,3.675,False,3.576,317,72,0.072,3.505,3.661,False,3.674,73,17,0.071,3.561,3.731,False,3.660,317,60,0.086,3.547,3.773,False,3.660,480,71,0.100,3.575,3.900,True,3.956,11072,2283,0.076,3.829,4.154,False,3.956,7494,1534,0.077,3.843,4.154,False,4.011,122,24,0.073,3.926,4.152,False,4.068,104,21,0.089,3.969,4.138,False,4.025,583,79,0.122,3.870,4.153,False,4.154,92,17,0.066,3.970,4.309,True,4.242,56507,11862,0.074,4.115,4.511,False,4.242,32100,6728,0.075,4.115,4.341,False,4.336,2916,494,0.092,4.209,4.507,False,,,,,,,False,4.391,880,159,0.082,4.236,4.476,False,4.391,1587,286,0.076,4.250,4.533,False,4.453,725487,166224,0.069,4.340,4.708,False,4.453,432232,99661,0.068,4.354,4.694,False,4.533,25,7,0.058,4.505,4.632,False,4.491,142,29,0.075,4.382,4.617,False,4.659,5469,1145,0.075,4.560,4.787,False,4.659,5446,1180,0.074,4.546,4.914,False,4.677,395,90,0.071,4.592,4.776,False,4.687,2682,468,0.087,4.532,4.871,False,4.743,1098,168,0.107,4.606,4.961,False,4.686,7735,1140,0.101,4.531,4.927,False,4.727,859,114,0.121,4.642,5.027,False,4.741,1611,242,0.104,4.629,4.968,False,4.983,32599,6746,0.076,4.884,5.181,False,4.997,26403,5568,0.075,4.884,5.153,False,4.995,19361,3734,0.080,4.882,5.212,False,4.981,32272,5508,0.088,4.867,5.235,False,5.051,1520,294,0.079,4.924,5.222,False,5.135,388,76,0.078,5.008,5.234,False,5.121,677,141,0.069,5.022,5.361,False,5.138,3936,837,0.075,5.039,5.293,False,5.138,3807,799,0.074,5.011,5.251,False,5.291,22505,4673,0.076,5.164,5.461,False,5.291,19089,4101,0.073,5.178,5.461,False,5.403,625,117,0.087,5.304,5.530,False,5.417,500,79,0.104,5.304,5.587,False,5.558,408,86,0.075,5.460,5.643,False,5.558,445,86,0.080,5.431,5.643,False
!,!,S10_F26Z_E1-4_Gb4,047_FabryP1_S10_F26Z_E1-4_Gb4.d,Sample,,12-Nov-16 11:24,-1.00,P1-B1,3.576,217,53,0.067,3.505,3.647,False,3.562,261,57,0.071,3.505,3.661,False,3.674,47,12,0.069,3.603,3.730,False,3.660,522,102,0.077,3.547,3.801,False,3.646,611,109,0.088,3.575,3.886,False,3.956,6416,1325,0.075,3.829,4.168,False,3.956,5164,1090,0.074,3.843,4.112,False,4.039,71,11,0.124,3.842,4.124,False,4.068,34,9,0.065,4.012,4.110,False,4.025,208,43,0.074,3.898,4.152,False,4.140,139,27,0.070,3.998,4.267,False,4.242,61849,13028,0.074,4.115,4.426,False,4.242,33279,6924,0.075,4.115,4.327,False,4.308,958,168,0.094,4.223,4.421,False,4.254,37,7,0.067,4.141,4.310,False,4.363,187,30,0.110,4.293,4.462,False,4.377,651,152,0.065,4.307,4.618,False,4.468,649856,149285,0.068,4.340,4.651,False,4.468,357930,80896,0.069,4.340,4.736,False,,,,,,,False,4.477,72,18,0.063,4.364,4.547,False,4.659,1445,328,0.070,4.575,4.787,False,4.659,1712,360,0.077,4.575,4.758,False,4.677,558,134,0.068,4.596,4.761,False,4.673,647,124,0.067,4.602,4.857,True,4.729,468,74,0.075,4.616,4.950,True,4.686,2206,317,0.115,4.545,4.949,False,4.727,334,63,0.077,4.649,4.996,False,4.755,1234,214,0.095,4.628,4.897,False,4.983,13507,2843,0.076,4.884,5.195,False,4.983,8937,1895,0.074,4.898,5.237,False,4.981,8268,1669,0.075,4.882,5.235,False,4.995,13284,2344,0.086,4.882,5.249,False,5.065,616,132,0.075,4.981,5.164,False,5.135,188,42,0.070,5.022,5.218,False,5.135,201,34,0.081,4.979,5.248,False,5.138,1239,262,0.073,5.025,5.279,False,5.138,799,151,0.081,5.025,5.407,False,5.277,10114,2231,0.072,5.179,5.488,False,5.291,8417,1783,0.074,5.192,5.404,False,5.431,159,35,0.071,5.304,5.587,False,5.417,338,64,0.082,5.262,5.581,False,5.558,187,39,0.084,5.431,5.629,False,5.544,238,44,0.087,5.449,5.671,False
!,!,S11_F22V_E1-4_Gb4,048_FabryP1_S11_F22V_E1-4_Gb4.d,Sample,,12-Nov-16 11:35,-1.00,P1-B2,3.576,169,38,0.071,3.506,3.689,False,3.590,223,52,0.070,3.492,3.673,False,3.688,9,2,0.064,3.575,3.716,False,3.646,419,85,0.076,3.561,3.899,False,3.646,419,94,0.070,3.575,3.801,False,3.956,11752,2457,0.075,3.843,4.112,False,3.942,8078,1696,0.075,3.857,4.112,False,4.039,169,34,0.085,3.926,4.110,False,4.082,98,23,0.067,4.011,4.237,False,4.025,474,79,0.090,3.914,4.181,False,4.140,279,47,0.077,4.041,4.309,False,4.242,51021,10632,0.075,4.115,4.511,False,4.242,27130,5666,0.075,4.115,4.341,False,4.322,3962,747,0.080,4.194,4.463,False,,,,,,,False,4.377,813,167,0.072,4.279,4.476,False,4.391,2233,477,0.073,4.278,4.589,False,4.453,735415,170689,0.068,4.340,4.722,False,4.468,453441,104399,0.068,4.340,4.651,False,4.491,205,37,0.092,4.406,4.646,False,4.505,290,60,0.073,4.378,4.632,False,4.674,8408,1713,0.078,4.560,4.801,False,4.674,7618,1580,0.076,4.560,4.857,False,4.677,289,70,0.068,4.592,4.801,False,4.687,3385,672,0.080,4.588,4.829,False,4.743,2019,374,0.087,4.630,4.856,False,4.701,9229,1377,0.106,4.545,4.920,False,4.741,1018,164,0.102,4.652,5.031,False,4.741,1502,271,0.083,4.635,4.943,False,4.983,45782,9861,0.073,4.875,5.138,False,4.997,36362,7663,0.075,4.870,5.223,False,4.981,25442,5095,0.078,4.868,5.306,False,4.995,40016,7625,0.079,4.853,5.164,False,5.065,1626,311,0.080,4.938,5.207,False,5.135,294,64,0.073,5.036,5.234,False,5.121,588,98,0.088,5.008,5.333,False,5.152,3408,657,0.082,5.011,5.292,False,5.138,3044,618,0.076,5.011,5.293,False,5.277,26333,5588,0.074,5.164,5.560,False,5.291,19681,3945,0.078,5.164,5.461,False,5.431,354,73,0.070,5.318,5.642,False,5.389,512,81,0.110,5.290,5.502,False,5.558,372,92,0.068,5.466,5.629,False,5.544,572,100,0.091,5.445,5.643,False
!,!,S12_F13M_E1-4_Gb4,049_FabryP1_S12_F13M_E1-4_Gb4.d,Sample,,12-Nov-16 11:47,-1.00,P1-B3,3.576,180,47,0.065,3.505,3.633,False,3.590,468,105,0.075,3.505,3.717,False,3.632,24,8,0.069,3.589,3.660,False,3.660,553,101,0.086,3.547,3.773,False,3.660,447,61,0.129,3.561,3.830,False,3.956,9080,1908,0.076,3.829,4.098,False,3.956,5532,1146,0.077,3.857,4.098,False,4.011,137,29,0.072,3.940,4.181,False,4.054,97,25,0.067,4.011,4.110,False,3.997,173,24,0.134,3.941,4.209,False,4.125,73,14,0.082,3.998,4.196,False,4.242,64039,13409,0.074,4.115,4.426,False,4.242,33858,7225,0.073,4.115,4.327,False,4.322,804,169,0.075,4.237,4.514,False,,,,,,,False,4.391,166,33,0.078,4.293,4.462,False,4.377,372,87,0.066,4.321,4.518,False,4.468,604231,135947,0.069,4.354,4.722,False,4.468,350510,79868,0.068,4.340,4.736,False,,,,,,,False,4.505,51,14,0.068,4.434,4.562,False,4.659,1345,287,0.074,4.589,4.773,False,4.659,1023,229,0.072,4.547,4.772,False,4.677,543,125,0.070,4.580,4.833,False,4.673,1184,213,0.083,4.588,4.885,False,4.743,375,67,0.078,4.616,4.922,False,4.687,1948,299,0.090,4.573,4.913,False,4.741,569,102,0.079,4.643,4.925,False,4.741,701,93,0.116,4.589,5.010,False,4.983,9848,2065,0.074,4.870,5.167,False,4.997,8124,1768,0.073,4.870,5.164,False,4.995,10867,2167,0.076,4.882,5.165,False,4.981,16695,3137,0.081,4.868,5.278,False,5.051,702,133,0.080,4.967,5.207,False,5.163,167,26,0.114,5.070,5.288,False,5.149,103,19,0.072,5.022,5.220,False,5.152,897,194,0.071,5.039,5.320,False,5.138,644,134,0.077,5.025,5.237,False,5.291,11106,2276,0.077,5.193,5.447,False,5.291,8347,1684,0.078,5.164,5.489,False,5.431,126,23,0.102,5.318,5.614,False,5.403,262,51,0.082,5.291,5.502,False,5.558,239,48,0.076,5.473,5.654,False,5.558,220,36,0.099,5.417,5.671,False
,,QC_E1-4_Gb4,050_FabryP1_QC_E1-4_Gb4.d,Sample,,12-Nov-16 11:59,-1.00,P1-D9,3.590,305,68,0.070,3.491,3.787,False,3.576,348,70,0.085,3.499,3.661,False,3.688,75,17,0.088,3.618,3.759,False,3.660,546,114,0.068,3.575,3.801,False,3.660,658,139,0.076,3.533,3.815,False,3.956,8933,1817,0.077,3.829,4.197,False,3.956,6437,1350,0.076,3.815,4.098,False,4.025,72,18,0.068,3.955,4.096,False,4.082,89,13,0.130,3.955,4.152,False,4.011,182,36,0.085,3.969,4.124,False,4.140,69,16,0.070,4.001,4.210,False,4.242,53220,10597,0.079,4.101,4.511,False,4.242,30452,6115,0.078,4.101,4.327,False,4.322,2043,366,0.086,4.223,4.541,False,4.254,21,7,0.065,4.212,4.296,False,4.377,391,65,0.078,4.236,4.448,False,4.391,1076,198,0.072,4.278,4.561,False,4.468,611751,136858,0.069,4.340,4.651,False,4.468,389168,88949,0.068,4.340,4.694,False,4.463,49,8,0.140,4.406,4.661,False,4.477,131,25,0.086,4.406,4.590,False,4.645,1589,318,0.076,4.575,4.787,False,4.659,1889,347,0.095,4.575,4.843,False,4.649,175,37,0.086,4.592,4.748,False,4.701,1343,200,0.095,4.574,4.913,False,4.743,740,118,0.101,4.592,4.870,False,4.701,3763,503,0.118,4.559,4.940,False,4.755,462,64,0.105,4.656,4.911,False,4.741,999,168,0.089,4.657,4.955,False,4.969,11234,2529,0.069,4.857,5.167,False,4.969,7684,1706,0.069,4.870,5.194,False,4.967,9165,1926,0.068,4.868,5.235,False,4.967,14824,2866,0.069,4.882,5.207,False,5.066,540,117,0.068,4.995,5.263,False,5.135,225,39,0.085,5.052,5.311,False,5.149,242,36,0.116,5.008,5.293,False,5.138,2002,442,0.072,5.039,5.237,False,5.138,2078,433,0.074,5.015,5.222,False,5.305,4465,644,0.117,5.136,5.573,False,5.305,4654,779,0.100,5.178,5.475,False,5.403,239,46,0.079,5.276,5.533,False,5.403,471,76,0.085,5.290,5.502,False,5.516,12,4,0.075,5.455,5.544,False,5.558,94,21,0.078,5.459,5.615,False
,,S13_F08H_E1-4_Gb4,051_FabryP1_S13_F08H_E1-4_Gb4.d,Sample,,12-Nov-16 12:10,-1.00,P1-B4,3.576,328,83,0.065,3.491,3.647,False,3.576,186,39,0.072,3.505,3.717,False,3.646,16,5,0.065,3.604,3.688,False,3.660,202,49,0.068,3.589,3.731,False,3.646,286,42,0.109,3.575,3.830,False,3.956,5693,1166,0.076,3.815,4.084,False,3.956,4059,819,0.079,3.829,4.055,False,4.068,77,19,0.068,3.997,4.138,False,4.054,113,28,0.069,3.983,4.167,False,4.054,274,34,0.147,3.870,4.195,False,4.140,135,22,0.113,3.998,4.394,False,4.242,50887,10452,0.075,4.115,4.497,False,4.242,27928,5876,0.074,4.115,4.341,False,4.322,1068,197,0.084,4.223,4.562,False,4.282,33,9,0.064,4.240,4.367,False,4.405,883,189,0.074,4.306,4.490,False,4.391,1115,234,0.073,4.292,4.646,False,4.453,1009880,240038,0.067,4.340,4.680,False,4.453,603912,142558,0.068,4.340,4.708,False,4.519,53,10,0.079,4.434,4.618,False,4.491,84,15,0.070,4.321,4.703,False,4.659,2536,535,0.074,4.560,4.787,False,4.674,2466,519,0.075,4.575,4.815,False,4.691,305,70,0.069,4.592,4.833,False,4.687,1936,310,0.099,4.602,4.843,False,4.729,1014,181,0.078,4.644,4.899,False,4.686,4335,557,0.129,4.559,4.965,False,4.741,610,107,0.089,4.614,4.911,False,4.727,1092,168,0.095,4.656,4.910,False,4.997,16994,3566,0.075,4.884,5.166,False,4.983,11859,2424,0.077,4.884,5.124,False,4.981,12623,2388,0.080,4.896,5.193,False,4.981,18509,3300,0.082,4.867,5.263,False,5.051,805,149,0.083,4.940,5.249,False,5.163,142,30,0.077,5.081,5.248,False,5.135,536,99,0.071,4.966,5.262,False,5.138,1575,338,0.075,5.028,5.237,False,5.138,1246,256,0.076,5.011,5.250,False,5.277,14002,2832,0.077,5.150,5.503,False,5.277,11159,2410,0.072,5.164,5.461,False,5.417,139,32,0.072,5.347,5.488,False,5.417,249,55,0.074,5.320,5.502,False,5.558,199,39,0.073,5.488,5.776,False,5.544,291,68,0.069,5.471,5.728,False
!,!,S14_F15O_E1-4_Gb4,052_FabryP1_S14_F15O_E1-4_Gb4.d,Sample,,12-Nov-16 12:22,-1.00,P1-B5,3.576,113,25,0.070,3.505,3.675,False,3.576,359,84,0.067,3.463,3.788,False,3.702,20,4,0.074,3.590,3.787,False,3.674,321,67,0.079,3.575,3.830,False,3.660,604,127,0.077,3.533,3.886,False,3.956,13082,2784,0.073,3.829,4.140,False,3.956,9087,1883,0.076,3.843,4.168,False,4.039,98,20,0.077,3.969,4.138,False,4.054,51,14,0.066,4.011,4.124,False,4.025,389,46,0.103,3.913,4.365,False,4.140,254,37,0.078,3.970,4.408,False,4.242,63472,13084,0.076,4.115,4.511,False,4.242,29512,6119,0.075,4.115,4.341,False,4.322,4363,803,0.086,4.209,4.517,False,,,,,,,False,4.391,1244,240,0.072,4.264,4.575,False,4.391,2264,459,0.073,4.264,4.625,False,4.468,702312,161416,0.068,4.340,4.736,False,4.468,381410,86353,0.069,4.340,4.736,False,4.491,181,41,0.070,4.420,4.562,False,4.491,423,84,0.070,4.363,4.575,False,4.659,7243,1621,0.071,4.532,4.800,False,4.659,7533,1551,0.077,4.532,4.839,False,4.677,459,103,0.070,4.550,4.762,False,4.673,3795,652,0.088,4.588,4.843,False,4.743,1901,326,0.095,4.658,4.884,False,4.686,10451,1510,0.108,4.559,5.006,False,4.741,1030,152,0.109,4.628,5.010,False,4.755,1664,230,0.109,4.642,4.982,False,4.983,51083,10880,0.074,4.884,5.110,False,4.997,39264,8346,0.075,4.898,5.221,False,4.981,31367,6094,0.081,4.882,5.136,False,4.995,44787,7962,0.085,4.853,5.221,False,5.065,2403,455,0.080,4.924,5.221,False,5.121,429,89,0.071,5.036,5.289,False,5.149,762,128,0.084,5.008,5.307,False,5.138,4542,1025,0.071,5.039,5.237,False,5.138,3759,730,0.079,4.996,5.321,False,5.291,37486,7877,0.075,5.178,5.546,False,5.291,25055,5484,0.072,5.178,5.404,False,5.431,467,75,0.099,5.290,5.516,False,5.403,720,144,0.078,5.290,5.530,False,5.558,466,101,0.072,5.467,5.671,False,5.544,520,105,0.077,5.424,5.685,False
!,!,S15_F23W_E1-4_Gb4,053_FabryP1_S15_F23W_E1-4_Gb4.d,Sample,,12-Nov-16 12:34,-1.00,P1-B6,3.590,255,56,0.073,3.520,3.675,False,3.576,251,56,0.070,3.505,3.740,False,,,,,,,False,3.660,254,54,0.075,3.561,3.745,False,3.660,387,66,0.096,3.561,3.815,False,3.942,5262,1129,0.073,3.830,4.154,False,3.942,3559,732,0.076,3.844,4.211,False,4.039,99,17,0.105,3.898,4.266,False,,,,,,,False,4.011,310,37,0.131,3.906,4.209,False,4.154,62,13,0.069,4.026,4.267,False,4.242,51210,10803,0.073,4.115,4.497,False,4.242,32446,6865,0.075,4.105,4.327,False,4.293,274,39,0.120,4.223,4.421,False,,,,,,,False,4.405,37,7,0.102,4.335,4.462,False,4.377,48,13,0.063,4.321,4.478,False,4.453,750599,175680,0.068,4.340,4.722,False,4.453,448537,102141,0.069,4.340,4.722,False,,,,,,,False,4.491,27,7,0.065,4.419,4.533,False,4.659,153,39,0.065,4.603,4.716,False,4.659,53,13,0.065,4.548,4.824,False,4.677,850,188,0.072,4.564,4.841,False,4.673,54,10,0.075,4.560,4.772,False,4.757,26,7,0.065,4.701,4.813,False,4.757,135,18,0.132,4.602,4.825,False,4.741,34,6,0.132,4.699,5.095,False,,,,,,,False,4.997,681,138,0.075,4.885,5.175,False,4.997,381,83,0.072,4.912,5.252,False,4.981,777,135,0.090,4.890,5.173,False,4.981,1237,206,0.090,4.853,5.235,False,5.108,40,9,0.064,4.967,5.150,True,,,,,,,False,,,,,,,False,5.138,87,18,0.077,5.081,5.364,False,5.166,43,11,0.063,5.081,5.336,False,5.277,1007,190,0.080,5.192,5.519,False,5.291,494,120,0.067,5.206,5.418,False,5.389,20,5,0.065,5.304,5.500,False,,,,,,,False,5.558,35,9,0.064,5.516,5.675,False,5.544,31,8,0.066,5.460,5.655,False
,,S16_F02B_E1-4_Gb4,054_FabryP1_S16_F02B_E1-4_Gb4.d,Sample,,12-Nov-16 12:45,-1.00,P1-B7,3.590,248,55,0.077,3.520,3.680,False,3.590,350,77,0.067,3.463,3.731,False,3.702,40,10,0.066,3.632,3.759,False,3.674,527,114,0.074,3.569,3.798,False,3.660,483,72,0.111,3.533,3.810,False,3.942,14707,3154,0.073,3.843,4.111,False,3.956,9282,2012,0.072,3.843,4.154,False,4.011,87,19,0.077,3.941,4.109,False,4.039,121,25,0.074,3.969,4.124,False,4.039,615,118,0.075,3.913,4.300,False,4.125,384,68,0.076,3.998,4.333,False,4.242,48880,10030,0.075,4.115,4.511,False,4.242,34570,7370,0.074,4.115,4.341,False,4.322,3825,707,0.085,4.195,4.448,False,4.254,19,5,0.065,4.211,4.339,False,4.377,905,209,0.068,4.278,4.476,False,4.391,1491,341,0.067,4.278,4.547,False,4.453,574420,129641,0.069,4.340,4.722,False,4.468,351216,78499,0.069,4.326,4.651,False,4.491,225,53,0.070,4.385,4.584,False,4.505,167,35,0.074,4.406,4.598,False,4.659,7019,1511,0.074,4.560,4.787,False,4.659,6729,1426,0.074,4.560,4.773,False,4.677,556,129,0.069,4.592,4.932,False,4.673,3838,662,0.086,4.561,4.921,False,4.729,1764,276,0.107,4.616,4.870,False,4.687,10196,1498,0.109,4.588,4.899,False,4.727,1033,166,0.087,4.614,5.038,False,4.741,2643,386,0.109,4.616,4.982,False,4.983,45855,9688,0.075,4.863,5.233,False,4.997,31599,6403,0.078,4.856,5.209,False,4.981,33157,6761,0.076,4.882,5.179,False,4.995,45423,8272,0.083,4.868,5.221,False,5.051,1875,335,0.083,4.924,5.211,False,5.135,462,101,0.073,5.022,5.289,False,5.149,474,71,0.078,4.994,5.276,True,5.138,4008,832,0.076,5.011,5.265,False,5.138,3594,734,0.077,5.011,5.293,False,5.277,33109,7012,0.075,5.178,5.447,False,5.277,25905,5406,0.075,5.164,5.488,False,5.417,374,64,0.088,5.287,5.531,False,5.417,669,122,0.089,5.276,5.516,False,5.558,492,109,0.070,5.473,5.754,False,5.544,504,99,0.082,5.439,5.657,False
!,!,S17_F06F_E1-4_Gb4,055_FabryP1_S17_F06F_E1-4_Gb4.d,Sample,,12-Nov-16 12:57,-1.00,P1-B8,3.590,175,30,0.101,3.506,3.768,False,3.576,283,69,0.066,3.463,3.823,False,3.702,29,8,0.064,3.660,3.759,False,3.660,364,71,0.089,3.559,3.798,False,3.660,337,68,0.080,3.547,3.792,False,3.942,3479,743,0.075,3.844,4.055,False,3.956,2482,516,0.076,3.815,4.168,False,4.068,11,3,0.065,4.026,4.130,False,,,,,,,False,4.025,318,43,0.096,3.898,4.223,True,4.125,82,12,0.065,4.083,4.267,True,4.242,41521,8725,0.074,4.115,4.369,False,4.242,22628,4595,0.078,4.101,4.327,False,4.308,81,16,0.071,4.194,4.421,False,,,,,,,False,4.391,76,13,0.084,4.222,4.462,False,4.391,100,24,0.068,4.283,4.476,False,4.453,898788,214064,0.068,4.340,4.722,False,4.453,487746,113823,0.068,4.340,4.708,False,,,,,,,False,4.491,8,2,0.065,4.448,4.533,False,4.659,78,18,0.067,4.546,4.787,False,4.659,21,6,0.065,4.617,4.794,False,4.663,441,93,0.072,4.578,4.917,False,4.673,143,18,0.163,4.602,4.920,True,4.729,11,3,0.066,4.644,4.771,False,4.729,285,49,0.093,4.573,4.969,False,4.727,85,19,0.067,4.614,4.996,False,4.727,66,11,0.103,4.628,4.840,False,4.983,471,93,0.084,4.884,5.082,False,5.011,566,99,0.097,4.827,5.096,False,4.995,547,104,0.082,4.868,5.094,False,4.995,937,142,0.105,4.868,5.150,False,5.051,91,25,0.063,5.009,5.108,False,5.093,7,2,0.065,5.050,5.135,False,5.093,4,1,0.065,5.050,5.134,False,5.124,72,18,0.066,5.081,5.237,False,5.124,82,21,0.066,5.067,5.194,False,5.291,555,106,0.082,5.192,5.404,False,5.291,707,156,0.072,5.206,5.390,False,5.389,33,8,0.068,5.310,5.491,False,5.389,4,1,0.192,5.276,5.474,True,,,,,,,False,5.558,41,11,0.063,5.502,5.615,False
!,!,S18_F04D_E1-4_Gb4,056_FabryP1_S18_F04D_E1-4_Gb4.d,Sample,,12-Nov-16 13:09,-1.00,P1-B9,3.576,243,52,0.077,3.491,3.675,False,3.590,305,66,0.076,3.492,3.689,False,,,,,,,False,3.646,403,73,0.079,3.575,3.787,False,3.660,594,120,0.079,3.575,3.772,False,3.942,9264,1972,0.072,3.829,4.069,False,3.956,6344,1258,0.080,3.843,4.098,False,4.039,109,28,0.066,3.940,4.096,False,4.054,152,24,0.109,3.940,4.124,False,4.025,647,87,0.131,3.898,4.209,False,4.125,183,40,0.072,3.984,4.196,False,4.242,51892,10959,0.073,4.115,4.511,False,4.242,25889,5360,0.076,4.101,4.327,False,4.322,3163,621,0.077,4.180,4.548,False,,,,,,,False,4.391,914,188,0.074,4.278,4.533,False,4.391,1606,316,0.073,4.278,4.533,False,4.453,748122,174641,0.068,4.340,4.722,False,4.453,479325,112255,0.068,4.340,4.722,False,4.477,181,42,0.067,4.364,4.547,False,4.477,215,54,0.062,4.406,4.547,False,4.674,4879,1000,0.077,4.532,4.801,False,4.659,4209,873,0.076,4.560,4.837,False,4.663,354,61,0.095,4.578,4.762,False,4.687,3630,658,0.083,4.588,4.871,False,4.729,1117,209,0.081,4.644,4.898,False,4.687,7906,1148,0.112,4.573,4.912,False,4.727,1120,194,0.077,4.642,4.911,False,4.727,1855,276,0.116,4.642,4.939,False,4.983,24310,5040,0.077,4.871,5.195,False,4.983,19360,4036,0.076,4.884,5.138,False,4.981,21587,4413,0.074,4.868,5.150,False,4.981,30124,5501,0.082,4.882,5.292,False,5.066,1319,249,0.082,4.967,5.306,False,5.135,171,37,0.074,5.051,5.276,False,5.135,417,67,0.100,5.022,5.276,False,5.138,2572,516,0.078,5.039,5.279,False,5.138,2401,429,0.084,4.989,5.251,False,5.277,15822,3402,0.074,5.178,5.447,False,5.277,12595,2634,0.075,5.178,5.500,False,5.431,431,93,0.069,5.276,5.615,False,5.417,428,73,0.095,5.233,5.502,False,5.558,388,81,0.074,5.445,5.643,False,5.530,315,68,0.078,5.473,5.643,False
!,!,QC_E1-4_Gb4,057_FabryP1_QC_E1-4_Gb4.d,Sample,,12-Nov-16 13:20,-1.00,P1-D9,3.576,304,73,0.068,3.505,3.675,False,3.576,226,52,0.069,3.449,3.661,False,,,,,,,False,3.660,469,83,0.091,3.561,4.013,False,3.660,658,130,0.076,3.561,3.844,False,3.942,8428,1748,0.076,3.829,4.112,False,3.956,6552,1370,0.076,3.844,4.083,False,4.025,191,36,0.089,3.940,4.124,False,4.039,195,28,0.126,3.969,4.167,False,4.025,428,78,0.088,3.884,4.124,False,4.140,197,35,0.076,3.984,4.196,True,4.242,57812,11993,0.075,4.115,4.440,False,4.242,32270,6736,0.075,4.101,4.327,False,4.308,2026,398,0.078,4.237,4.482,False,,,,,,,False,4.377,406,71,0.086,4.279,4.490,False,4.391,1101,230,0.069,4.279,4.547,False,4.468,627043,141622,0.069,4.340,4.651,False,4.468,401305,91369,0.068,4.340,4.651,False,4.477,73,19,0.065,4.406,4.632,False,4.491,140,30,0.071,4.434,4.657,False,4.659,1953,368,0.085,4.560,4.787,False,4.659,1650,317,0.082,4.532,4.829,False,4.677,189,40,0.072,4.592,4.889,False,4.687,1137,159,0.115,4.546,4.857,False,4.743,640,116,0.088,4.658,4.981,False,4.715,3472,425,0.131,4.545,4.913,False,4.741,518,104,0.087,4.657,4.826,False,4.727,1485,233,0.093,4.618,4.996,False,4.969,9975,2127,0.070,4.856,5.237,False,4.969,7410,1630,0.070,4.870,5.237,False,4.967,9061,1872,0.069,4.882,5.207,False,4.967,15504,2892,0.070,4.868,5.235,False,5.066,582,128,0.069,4.952,5.249,False,5.121,273,55,0.072,5.022,5.262,False,5.149,556,82,0.112,5.008,5.361,False,5.138,2085,448,0.074,5.011,5.237,False,5.138,2106,454,0.073,5.025,5.287,False,5.305,3947,602,0.111,5.164,5.466,False,5.291,4036,618,0.102,5.164,5.503,False,5.417,329,66,0.078,5.333,5.565,False,5.389,389,71,0.087,5.276,5.597,False,5.544,150,27,0.093,5.473,5.657,False,5.586,97,16,0.117,5.473,5.643,False
!,!,S19_F11K_E1-4_Gb4,058_FabryP1_S19_F11K_E1-4_Gb4.d,Sample,,12-Nov-16 13:32,-1.00,P1-C1,3.576,307,67,0.068,3.492,3.692,False,3.576,278,69,0.067,3.505,3.713,False,3.716,62,12,0.078,3.563,3.857,False,3.646,438,77,0.080,3.547,3.984,False,3.660,510,94,0.083,3.533,3.773,False,3.956,7736,1653,0.073,3.829,4.168,False,3.956,5856,1212,0.076,3.857,4.112,False,4.039,220,52,0.068,3.926,4.096,False,4.011,90,23,0.066,3.912,4.181,False,4.039,539,75,0.107,3.912,4.280,False,4.125,261,40,0.092,3.998,4.302,False,4.242,36140,7328,0.077,4.101,4.440,False,4.242,20332,4457,0.071,4.115,4.327,False,4.322,2939,542,0.086,4.223,4.534,False,,,,,,,False,4.391,560,101,0.086,4.222,4.490,False,4.391,1488,292,0.074,4.264,4.646,False,4.453,583539,137980,0.067,4.340,4.722,False,4.453,337038,79077,0.068,4.340,4.722,False,4.519,220,38,0.089,4.406,4.618,False,4.491,175,30,0.092,4.307,4.661,False,4.659,4078,857,0.075,4.560,4.758,False,4.674,4097,873,0.074,4.546,4.787,False,4.677,439,100,0.069,4.578,4.818,False,4.673,2714,478,0.082,4.574,4.857,False,4.729,1262,233,0.077,4.630,4.927,False,4.701,6715,945,0.114,4.559,4.955,False,4.741,978,154,0.106,4.642,4.925,False,4.755,1707,305,0.087,4.649,4.907,False,4.983,21492,4468,0.076,4.856,5.153,False,4.997,15578,3199,0.077,4.880,5.119,False,4.981,17141,3441,0.077,4.896,5.221,False,4.981,24903,4461,0.084,4.867,5.241,False,5.051,1222,220,0.086,4.926,5.179,False,5.149,283,44,0.107,5.036,5.262,False,5.121,594,100,0.092,5.008,5.319,False,5.138,1981,422,0.076,5.039,5.279,False,5.138,1966,406,0.076,5.039,5.251,False,5.277,13656,2904,0.074,5.178,5.474,False,5.291,10370,2134,0.075,5.164,5.475,False,5.417,171,40,0.069,5.347,5.502,False,5.403,361,73,0.075,5.304,5.502,False,5.586,160,25,0.117,5.477,5.685,False,5.544,247,43,0.095,5.459,5.671,False
!,!,S20_F10J_E1-4_Gb4,059_FabryP1_S20_F10J_E1-4_Gb4.d,Sample,,12-Nov-16 13:44,-1.00,P1-C2,3.576,192,40,0.074,3.505,3.729,False,3.590,282,63,0.073,3.463,3.813,False,3.731,20,6,0.064,3.638,3.773,False,3.660,531,120,0.071,3.561,3.803,False,3.660,628,119,0.077,3.561,3.856,False,3.942,5719,1208,0.075,3.829,4.140,False,3.942,4704,1004,0.075,3.857,4.126,False,4.082,10,3,0.065,4.040,4.124,False,,,,,,,False,4.025,183,31,0.087,3.926,4.260,False,4.182,62,12,0.075,4.097,4.264,False,4.242,50781,10622,0.074,4.115,4.511,False,4.242,27916,5862,0.076,4.115,4.327,False,4.322,568,114,0.077,4.223,4.477,False,4.409,34,9,0.063,4.354,4.452,False,4.377,127,28,0.074,4.307,4.448,False,4.405,452,93,0.074,4.293,4.490,False,4.453,695343,161451,0.068,4.354,4.722,False,4.453,409520,94579,0.068,4.354,4.722,False,,,,,,,False,4.477,53,12,0.062,4.414,4.609,False,4.659,1043,218,0.074,4.560,4.758,False,4.674,990,219,0.074,4.560,4.744,False,4.677,665,153,0.068,4.550,4.787,False,4.673,910,199,0.070,4.588,4.786,False,4.729,328,59,0.074,4.631,4.856,False,4.701,2222,352,0.101,4.545,4.870,False,4.727,189,39,0.081,4.656,4.821,False,4.755,668,119,0.083,4.671,4.939,False,4.983,6779,1444,0.075,4.856,5.096,False,4.983,6117,1258,0.076,4.856,5.124,False,4.981,5818,1148,0.079,4.896,5.122,False,4.981,10023,1796,0.083,4.853,5.235,False,5.065,538,98,0.093,4.952,5.187,False,5.135,80,16,0.091,5.064,5.228,False,5.135,157,20,0.146,4.937,5.248,True,5.138,686,127,0.079,5.025,5.378,False,5.138,806,168,0.078,5.011,5.237,False,5.277,6010,1235,0.078,5.192,5.461,False,5.277,4348,816,0.083,5.150,5.461,False,5.417,192,44,0.068,5.304,5.488,False,5.389,132,27,0.065,5.335,5.559,False,5.558,191,45,0.069,5.459,5.638,False,5.558,35,9,0.067,5.474,5.656,False
,,S21_F18R_E1-4_Gb4,060_FabryP1_S21_F18R_E1-4_Gb4.d,Sample,,12-Nov-16 13:55,-1.00,P1-C3,3.604,338,58,0.095,3.436,3.717,False,3.576,494,112,0.070,3.505,3.766,False,3.702,41,10,0.063,3.617,3.815,False,3.660,359,68,0.078,3.575,3.773,False,3.660,577,103,0.089,3.575,3.773,False,3.942,11931,2546,0.074,3.847,4.121,False,3.942,8394,1772,0.074,3.815,4.098,False,4.039,165,36,0.073,3.969,4.124,False,4.039,192,29,0.092,3.898,4.195,False,4.039,527,70,0.100,3.898,4.195,False,4.140,247,26,0.158,3.956,4.451,True,4.242,58548,12180,0.074,4.115,4.454,False,4.242,33884,7080,0.075,4.101,4.341,False,4.322,2338,447,0.080,4.180,4.449,False,4.268,19,5,0.065,4.212,4.381,False,4.377,1113,214,0.078,4.264,4.476,False,4.391,1788,322,0.080,4.264,4.589,False,4.468,723624,164899,0.069,4.340,4.651,False,4.453,455802,105225,0.068,4.354,4.722,False,4.505,211,40,0.079,4.364,4.604,False,4.491,190,37,0.089,4.392,4.576,False,4.659,5571,1198,0.075,4.532,4.758,False,4.659,4737,999,0.077,4.532,4.815,False,4.677,309,76,0.067,4.606,4.762,False,4.673,4137,781,0.077,4.588,4.871,False,4.743,1345,217,0.100,4.619,4.884,False,4.686,9782,1523,0.095,4.559,4.898,False,4.755,1368,183,0.121,4.642,4.925,False,4.770,2330,305,0.126,4.642,4.939,False,4.983,37844,8075,0.075,4.887,5.204,False,4.983,31319,6859,0.072,4.870,5.138,False,4.981,32175,6175,0.081,4.867,5.150,False,4.981,52144,9485,0.083,4.882,5.221,False,5.065,1682,318,0.080,4.910,5.235,False,5.135,552,97,0.090,5.036,5.288,False,5.121,661,115,0.083,5.022,5.317,False,5.138,3672,811,0.071,5.011,5.293,False,5.138,4348,864,0.079,5.011,5.251,False,5.277,27122,5721,0.075,5.178,5.498,False,5.277,22081,4704,0.075,5.164,5.461,False,5.417,629,127,0.077,5.330,5.528,False,5.403,642,130,0.080,5.290,5.498,False,5.558,499,107,0.076,5.483,5.657,False,5.544,520,109,0.074,5.459,5.718,False
,,S22_F16P_E1-4_Gb4,061_FabryP1_S22_F16P_E1-4_Gb4.d,Sample,,12-Nov-16 14:07,-1.00,P1-C4,3.576,293,65,0.073,3.505,3.812,False,3.590,346,88,0.066,3.519,3.739,False,3.716,22,6,0.066,3.646,3.759,False,3.674,440,93,0.073,3.547,3.787,False,3.660,924,182,0.078,3.575,3.797,False,3.956,10940,2270,0.075,3.815,4.083,False,3.942,8186,1755,0.073,3.843,4.168,False,3.997,84,21,0.060,3.940,4.054,False,4.039,72,18,0.066,3.969,4.096,False,4.054,420,65,0.099,3.944,4.279,False,4.125,331,51,0.075,4.055,4.281,True,4.242,67821,14529,0.073,4.115,4.497,False,4.242,35937,7628,0.073,4.115,4.341,False,4.322,1390,279,0.078,4.194,4.435,False,4.296,25,8,0.065,4.254,4.338,False,4.377,478,81,0.087,4.222,4.490,False,4.391,1183,251,0.071,4.278,4.504,False,4.468,579504,129208,0.070,4.340,4.736,False,4.468,357662,80728,0.069,4.340,4.651,False,4.505,43,11,0.060,4.443,4.562,False,4.491,109,24,0.076,4.420,4.562,False,4.659,3428,713,0.076,4.546,4.773,False,4.674,3652,796,0.073,4.575,4.829,False,4.663,439,109,0.066,4.593,4.774,False,4.687,1734,302,0.081,4.560,4.913,False,4.743,1447,280,0.084,4.630,4.911,False,4.701,6111,783,0.123,4.559,4.913,False,4.727,1075,192,0.088,4.643,4.925,False,4.727,1747,277,0.092,4.631,5.038,False,4.983,28802,6035,0.076,4.870,5.177,False,4.983,21406,4489,0.075,4.884,5.209,False,4.981,23487,4543,0.081,4.867,5.164,False,4.995,37284,6458,0.087,4.839,5.235,False,5.065,2117,401,0.082,4.924,5.317,False,5.135,248,54,0.073,5.050,5.234,False,5.121,738,110,0.081,4.979,5.474,False,5.138,2511,574,0.070,5.011,5.322,False,5.138,2893,581,0.078,5.025,5.378,False,5.277,27059,5514,0.078,5.178,5.461,False,5.291,20407,4107,0.079,5.178,5.517,False,5.417,631,119,0.078,5.276,5.516,False,5.403,525,85,0.100,5.219,5.587,False,5.544,344,73,0.075,5.473,5.688,False,5.544,444,92,0.074,5.431,5.713,False
!,!,S23_F28B_E1-4_Gb4,062_FabryP1_S23_F28B_E1-4_Gb4.d,Sample,,12-Nov-16 14:19,-1.00,P1-C5,3.590,224,48,0.081,3.520,3.675,False,3.576,240,56,0.068,3.491,3.675,False,,,,,,,False,3.660,251,54,0.075,3.539,3.773,False,3.660,296,63,0.074,3.576,3.759,False,3.956,3213,669,0.074,3.857,4.126,False,3.942,2682,569,0.075,3.857,4.154,False,4.068,48,13,0.064,3.969,4.294,False,,,,,,,False,4.025,282,53,0.070,3.969,4.273,False,4.140,20,5,0.066,4.097,4.182,False,4.242,56966,11728,0.075,4.115,4.454,False,4.242,31763,6724,0.074,4.115,4.327,False,4.350,248,49,0.078,4.251,4.455,False,4.254,36,9,0.064,4.169,4.424,False,4.377,67,12,0.110,4.292,4.462,False,4.391,51,13,0.066,4.304,4.448,False,4.468,634321,145439,0.068,4.340,4.722,False,4.468,406477,91279,0.069,4.340,4.651,False,,,,,,,False,4.406,22,6,0.065,4.364,4.448,False,4.659,132,33,0.065,4.591,4.758,True,4.702,122,23,0.084,4.589,4.744,False,4.677,470,88,0.081,4.592,4.870,False,4.673,192,39,0.071,4.588,4.814,False,4.715,100,15,0.133,4.643,4.939,False,4.672,281,36,0.144,4.521,4.884,False,4.727,79,18,0.070,4.656,4.953,False,4.713,97,18,0.068,4.671,4.939,False,4.983,1564,348,0.072,4.870,5.068,False,4.997,899,189,0.078,4.890,5.082,False,4.995,1465,298,0.074,4.854,5.202,False,4.995,2314,408,0.081,4.896,5.263,False,5.051,191,43,0.070,4.953,5.238,False,5.135,12,4,0.065,5.093,5.177,False,5.107,29,7,0.072,5.010,5.163,False,5.138,324,72,0.070,5.067,5.279,False,5.138,215,43,0.087,5.039,5.222,False,5.291,1746,388,0.072,5.180,5.390,False,5.277,1211,267,0.072,5.179,5.390,False,5.417,41,11,0.066,5.347,5.470,False,5.446,98,15,0.081,5.304,5.545,True,5.558,80,10,0.163,5.502,5.756,False,5.572,23,6,0.068,5.478,5.614,False
!,!,S24_F17Q_E1-4_Gb4,063_FabryP1_S24_F17Q_E1-4_Gb4.d,Sample,,12-Nov-16 14:30,-1.00,P1-C6,3.576,275,60,0.073,3.492,3.707,False,3.576,314,66,0.079,3.477,3.744,False,3.674,48,13,0.064,3.618,3.716,False,3.660,592,109,0.078,3.547,3.886,False,3.660,743,137,0.081,3.548,3.844,False,3.956,7492,1592,0.075,3.843,4.140,False,3.956,5626,1203,0.074,3.843,4.069,False,4.039,103,26,0.067,3.969,4.123,False,,,,,,,False,4.025,304,61,0.069,3.913,4.181,True,4.097,54,8,0.132,4.041,4.239,True,4.242,61244,12955,0.074,4.115,4.497,False,4.242,31947,6763,0.074,4.115,4.327,False,4.336,889,183,0.074,4.210,4.588,False,4.254,46,10,0.069,4.155,4.310,False,4.391,382,66,0.086,4.278,4.504,False,4.391,687,162,0.067,4.278,4.504,False,4.468,678424,159327,0.067,4.340,4.736,False,4.468,357557,80711,0.069,4.340,4.708,False,,,,,,,False,4.491,91,22,0.064,4.434,4.604,False,4.674,1411,321,0.070,4.560,4.744,False,4.659,1456,329,0.071,4.546,4.752,False,4.663,980,202,0.074,4.592,4.790,False,4.687,1177,219,0.083,4.588,4.885,False,4.743,458,99,0.074,4.631,4.870,False,4.686,3253,445,0.112,4.559,4.927,False,4.741,511,86,0.089,4.643,4.935,False,4.755,912,156,0.086,4.656,4.914,False,4.983,11488,2486,0.073,4.870,5.138,False,4.983,8760,1807,0.076,4.870,5.152,False,4.981,11213,2231,0.079,4.882,5.220,False,4.995,17910,3373,0.080,4.886,5.183,False,5.065,526,117,0.071,4.938,5.163,False,5.107,31,8,0.064,5.022,5.149,False,5.093,221,43,0.079,4.965,5.233,False,5.138,1207,258,0.074,5.039,5.265,False,5.138,881,160,0.085,4.996,5.237,False,5.291,9750,2094,0.073,5.178,5.517,False,5.277,7253,1535,0.074,5.164,5.418,False,5.446,133,27,0.073,5.304,5.516,False,5.403,168,34,0.088,5.281,5.474,False,5.558,218,44,0.073,5.431,5.757,False,5.544,171,37,0.074,5.459,5.770,False
!,!,QC_E1-4_Gb4,064_FabryP1_QC_E1-4_Gb4.d,Sample,,12-Nov-16 14:42,-1.00,P1-D9,3.576,202,47,0.070,3.491,3.661,False,3.576,301,65,0.072,3.465,3.703,False,3.646,41,10,0.069,3.575,3.768,False,3.660,455,104,0.070,3.589,3.745,False,3.646,644,126,0.080,3.547,3.759,False,3.956,8913,1934,0.072,3.829,4.112,False,3.942,6890,1444,0.075,3.829,4.213,False,4.011,166,28,0.106,3.940,4.205,False,,,,,,,False,4.025,368,61,0.088,3.898,4.153,False,4.154,290,46,0.086,4.019,4.323,False,4.242,60322,12398,0.076,4.086,4.426,False,4.242,32097,6835,0.074,4.115,4.327,False,4.322,2083,432,0.076,4.209,4.464,False,,,,,,,False,4.377,520,114,0.069,4.278,4.490,False,4.391,1181,243,0.074,4.278,4.518,False,4.468,614415,138897,0.069,4.340,4.651,False,4.468,366889,81782,0.070,4.340,4.736,False,4.477,109,25,0.069,4.420,4.590,False,4.463,121,23,0.073,4.349,4.562,False,4.674,1715,287,0.098,4.490,4.773,False,4.659,1975,358,0.097,4.518,4.758,False,4.691,161,27,0.088,4.550,4.833,False,4.687,1462,196,0.126,4.536,4.871,False,4.743,748,116,0.105,4.630,4.884,False,4.729,3800,506,0.122,4.588,5.012,False,4.727,611,85,0.123,4.600,4.897,False,4.741,1284,230,0.084,4.638,4.953,False,4.969,12068,2792,0.068,4.856,5.209,False,4.969,10238,2319,0.068,4.856,5.167,False,4.967,9278,2098,0.067,4.887,5.150,False,4.967,14317,2799,0.070,4.853,5.221,False,5.066,641,135,0.070,4.938,5.179,False,5.135,155,32,0.077,5.050,5.234,False,5.121,260,36,0.113,4.982,5.276,False,5.138,1926,408,0.077,5.011,5.251,False,5.138,2085,420,0.077,5.011,5.265,False,5.305,5578,937,0.097,5.164,5.516,False,5.305,3804,621,0.101,5.178,5.558,False,5.403,241,48,0.070,5.290,5.502,False,5.417,406,73,0.092,5.304,5.544,False,5.572,79,20,0.066,5.462,5.629,False,5.558,111,20,0.094,5.460,5.643,False
,,S25_F09I_E1-4_Gb4,065_FabryP1_S25_F09I_E1-4_Gb4.d,Sample,,12-Nov-16 14:54,-1.00,P1-C7,3.576,269,53,0.082,3.491,3.732,False,3.590,397,77,0.082,3.464,3.689,False,3.674,48,12,0.067,3.604,3.758,False,3.646,355,67,0.085,3.561,3.759,False,3.646,465,86,0.078,3.575,3.812,False,3.956,8405,1685,0.077,3.857,4.154,False,3.942,7238,1544,0.075,3.843,4.055,False,4.011,76,18,0.066,3.902,4.124,False,4.025,82,13,0.127,3.912,4.138,False,4.054,594,76,0.092,3.885,4.266,True,4.125,250,51,0.072,4.055,4.323,False,4.242,55835,11914,0.072,4.115,4.468,False,4.242,30496,6260,0.076,4.086,4.341,False,4.322,1892,356,0.085,4.237,4.491,False,4.339,45,11,0.067,4.296,4.424,False,4.391,974,180,0.081,4.264,4.476,False,4.377,1153,233,0.074,4.279,4.598,False,4.468,578656,130303,0.069,4.340,4.731,False,4.468,384324,88354,0.068,4.340,4.651,False,4.491,127,25,0.079,4.364,4.618,False,4.477,217,47,0.074,4.378,4.596,False,4.659,5607,1247,0.072,4.560,4.773,False,4.659,4215,883,0.076,4.575,4.787,False,4.663,461,116,0.065,4.592,4.883,False,4.673,4098,849,0.073,4.589,4.885,False,4.743,1004,184,0.086,4.621,4.941,False,4.687,11365,1903,0.087,4.531,4.941,False,4.741,1613,280,0.095,4.600,4.896,False,4.727,2144,352,0.089,4.628,5.045,False,4.983,28655,6069,0.075,4.870,5.195,False,4.983,21677,4591,0.074,4.870,5.204,False,4.981,31400,6303,0.077,4.868,5.136,False,4.981,46208,8944,0.077,4.882,5.292,False,5.051,1490,285,0.078,4.924,5.320,False,5.121,336,69,0.080,4.994,5.276,False,5.121,783,125,0.090,5.008,5.311,False,5.138,3689,788,0.073,5.025,5.317,False,5.138,2495,486,0.079,4.996,5.244,False,5.277,18065,3809,0.075,5.164,5.418,False,5.277,14411,2987,0.076,5.164,5.418,False,5.417,558,117,0.076,5.304,5.545,False,5.403,502,106,0.072,5.276,5.556,False,5.544,194,33,0.092,5.473,5.700,False,5.544,387,98,0.066,5.473,5.629,False
!,!,S26_F12L_E1-4_Gb4,066_FabryP1_S26_F12L_E1-4_Gb4.d,Sample,,12-Nov-16 15:05,-1.00,P1-C8,3.576,269,67,0.067,3.505,3.647,False,3.590,420,92,0.073,3.505,3.703,False,3.646,34,10,0.063,3.604,3.702,False,3.646,521,102,0.084,3.575,3.759,False,3.674,722,122,0.086,3.504,3.800,False,3.956,6062,1263,0.075,3.843,4.084,False,3.956,3711,775,0.076,3.815,4.055,False,3.983,52,9,0.098,3.912,4.109,False,4.054,58,12,0.078,3.983,4.110,False,4.011,278,35,0.145,3.884,4.153,False,4.125,128,25,0.089,4.055,4.253,False,4.242,59045,12262,0.074,4.101,4.511,False,4.242,32706,6867,0.074,4.101,4.327,False,4.322,1103,195,0.091,4.209,4.435,False,4.367,12,3,0.065,4.325,4.409,False,4.391,111,20,0.072,4.222,4.448,False,4.377,395,89,0.071,4.292,4.497,False,4.453,690602,157071,0.069,4.340,4.722,False,4.453,395022,90340,0.069,4.340,4.722,False,,,,,,,False,4.477,58,14,0.067,4.420,4.547,False,4.659,1247,262,0.077,4.560,4.758,False,4.659,1480,335,0.070,4.562,4.786,False,4.663,401,95,0.069,4.578,4.734,False,4.673,765,104,0.127,4.575,4.856,False,4.743,309,54,0.097,4.658,4.856,False,4.672,2087,287,0.128,4.575,4.898,False,4.727,294,54,0.087,4.657,4.897,False,4.741,635,101,0.105,4.642,4.953,False,4.983,11600,2488,0.074,4.890,5.151,False,4.997,7721,1516,0.080,4.870,5.134,False,4.981,7488,1415,0.081,4.882,5.202,False,4.981,11652,2068,0.085,4.859,5.206,False,5.051,678,125,0.080,4.967,5.193,False,5.121,153,31,0.078,5.050,5.234,False,5.163,239,27,0.173,5.008,5.239,False,5.138,1135,254,0.072,5.039,5.235,False,5.138,634,132,0.075,5.039,5.251,False,5.277,7670,1611,0.076,5.194,5.384,False,5.277,6599,1410,0.074,5.192,5.447,False,5.431,178,34,0.084,5.290,5.516,False,5.403,263,49,0.076,5.262,5.530,False,5.558,219,47,0.076,5.487,5.656,False,5.544,49,10,0.073,5.403,5.714,False
!,!,S27_F05E_E1-4_Gb4,067_FabryP1_S27_F05E_E1-4_Gb4.d,Sample,,12-Nov-16 15:17,-1.00,P1-C9,3.590,489,107,0.071,3.491,3.746,False,3.590,382,83,0.073,3.463,3.661,False,3.688,77,19,0.071,3.617,3.745,False,3.646,434,89,0.074,3.575,3.815,False,3.660,552,94,0.085,3.561,3.893,False,3.956,11148,2352,0.076,3.801,4.126,False,3.942,7917,1626,0.076,3.857,4.112,False,4.054,83,14,0.115,3.974,4.167,False,4.054,220,37,0.106,3.952,4.167,False,4.039,606,106,0.083,3.912,4.208,False,4.125,286,41,0.141,4.041,4.372,False,4.242,60049,12756,0.073,4.115,4.468,False,4.242,36230,7735,0.073,4.115,4.327,False,4.322,4443,849,0.082,4.194,4.449,False,,,,,,,False,4.391,756,145,0.075,4.266,4.490,False,4.391,1606,357,0.069,4.264,4.560,False,4.468,665944,149870,0.069,4.326,4.651,False,4.468,403649,91429,0.069,4.326,4.651,False,4.477,146,27,0.092,4.378,4.561,False,4.491,197,33,0.086,4.350,4.576,False,4.659,5515,1185,0.074,4.561,4.787,False,4.659,4681,939,0.079,4.546,4.801,False,4.677,650,153,0.069,4.550,4.772,False,4.687,3107,549,0.086,4.588,4.843,False,4.743,996,192,0.082,4.644,4.889,False,4.687,8040,1274,0.097,4.559,4.941,False,4.741,942,143,0.102,4.643,4.925,False,4.727,1782,275,0.096,4.615,4.953,False,4.997,26799,5745,0.073,4.881,5.156,False,4.983,20435,4338,0.075,4.870,5.124,False,4.981,24969,5067,0.076,4.868,5.193,False,4.981,35418,6690,0.080,4.853,5.320,False,5.051,1320,263,0.079,4.946,5.239,False,5.149,407,72,0.098,5.008,5.266,False,5.121,692,73,0.164,4.928,5.333,False,5.138,3124,654,0.075,5.025,5.251,False,5.138,2626,508,0.079,5.025,5.407,False,5.277,16151,3297,0.076,5.164,5.574,False,5.277,13985,2889,0.077,5.164,5.461,False,5.417,556,103,0.081,5.276,5.743,False,5.417,601,114,0.082,5.265,5.629,False,5.530,313,71,0.070,5.445,5.698,False,5.558,400,85,0.074,5.445,5.742,False
,,S28_F21U_E1-4_Gb4,068_FabryP1_S28_F21U_E1-4_Gb4.d,Sample,,12-Nov-16 15:29,-1.00,P1-D1,3.576,439,102,0.068,3.491,3.689,False,3.590,369,85,0.071,3.520,3.689,False,3.660,75,19,0.067,3.589,3.716,False,3.660,424,93,0.072,3.561,3.835,False,3.660,578,105,0.082,3.561,3.822,False,3.942,6526,1394,0.073,3.829,4.140,False,3.956,5699,1198,0.075,3.857,4.168,False,3.983,20,6,0.065,3.941,4.025,False,4.039,60,13,0.072,3.964,4.138,False,4.011,307,45,0.117,3.913,4.138,False,4.168,156,19,0.166,3.984,4.267,True,4.242,66633,13958,0.073,4.115,4.482,False,4.242,35143,7482,0.074,4.115,4.327,False,4.322,1328,259,0.080,4.194,4.506,False,4.367,12,3,0.073,4.311,4.438,False,4.377,403,101,0.067,4.321,4.434,False,4.377,776,165,0.071,4.292,4.632,False,4.468,619078,137192,0.070,4.340,4.651,False,4.468,399986,88729,0.070,4.340,4.651,False,4.491,83,18,0.063,4.378,4.618,False,4.491,152,33,0.076,4.420,4.675,False,4.659,2274,492,0.074,4.560,4.758,False,4.674,1607,320,0.079,4.518,4.872,False,4.677,846,192,0.071,4.578,4.761,False,4.673,1786,322,0.083,4.574,4.885,False,4.743,455,88,0.077,4.616,4.870,False,4.686,4032,567,0.115,4.531,4.870,False,4.741,463,75,0.093,4.642,4.968,False,4.727,760,121,0.102,4.644,4.869,False,4.983,12375,2679,0.074,4.898,5.112,False,4.983,10793,2259,0.074,4.870,5.195,False,4.981,8801,1791,0.075,4.867,5.179,False,4.995,15905,2896,0.083,4.882,5.207,False,5.051,711,140,0.074,4.938,5.207,False,5.121,165,33,0.077,4.994,5.276,False,5.149,142,28,0.079,5.078,5.460,False,5.138,1076,220,0.074,5.011,5.336,False,5.152,938,180,0.082,4.996,5.223,False,5.277,8481,1713,0.076,5.178,5.546,False,5.277,5696,1208,0.074,5.164,5.483,False,5.403,185,40,0.074,5.276,5.502,False,5.403,320,72,0.072,5.290,5.502,False,5.558,203,34,0.083,5.459,5.685,False,5.530,130,23,0.096,5.459,5.615,False
!,!,QC_E1-4_Gb4,069_FabryP1_QC_E1-4_Gb4.d,Sample,,12-Nov-16 15:40,-1.00,P1-D9,3.576,389,86,0.071,3.491,3.680,False,3.590,367,82,0.070,3.505,3.689,False,3.674,84,17,0.078,3.603,3.773,False,3.646,424,88,0.073,3.575,3.815,False,3.646,302,59,0.085,3.561,3.810,False,3.956,10975,2359,0.073,3.815,4.126,False,3.956,6885,1465,0.075,3.857,4.069,False,4.054,149,27,0.088,3.969,4.138,False,4.054,59,16,0.061,3.983,4.110,False,4.039,420,71,0.091,3.912,4.138,False,4.111,137,27,0.076,4.013,4.265,False,4.242,58258,12147,0.074,4.101,4.426,False,4.242,31416,6668,0.075,4.115,4.327,False,4.322,1977,384,0.081,4.194,4.548,False,,,,,,,False,4.391,441,87,0.074,4.279,4.476,False,4.377,1268,271,0.069,4.278,4.504,False,4.453,670905,151872,0.069,4.340,4.722,False,4.468,473142,108993,0.068,4.340,4.651,False,4.491,146,35,0.068,4.392,4.547,False,4.491,184,36,0.090,4.386,4.830,False,4.659,1875,390,0.075,4.518,4.773,False,4.674,1899,349,0.086,4.532,4.815,False,4.677,139,34,0.066,4.550,4.734,False,4.687,1183,175,0.098,4.560,4.899,False,4.743,664,110,0.095,4.658,4.913,False,4.715,3827,523,0.114,4.545,4.941,False,4.727,658,99,0.080,4.642,5.022,False,4.741,1253,198,0.095,4.600,5.052,False,4.969,11225,2581,0.068,4.870,5.222,False,4.969,9234,2113,0.068,4.870,5.124,False,4.967,7591,1598,0.069,4.882,5.235,False,4.967,15564,3050,0.068,4.853,5.235,False,5.080,686,141,0.074,4.995,5.206,False,5.135,125,26,0.078,4.979,5.220,False,5.135,410,67,0.092,4.994,5.331,False,5.138,2052,438,0.077,5.039,5.237,False,5.138,1817,360,0.081,5.025,5.251,False,5.291,4397,678,0.107,5.164,5.447,False,5.305,4012,614,0.115,5.178,5.449,False,5.417,325,73,0.072,5.304,5.537,False,5.403,450,82,0.081,5.290,5.502,False,5.572,81,22,0.064,5.502,5.643,False,5.502,109,16,0.139,5.403,5.643,False
